<?xml version="1.0" encoding="UTF-8"?>
<beans xmlns="http://www.springframework.org/schema/beans" xmlns:xsi="http://www.w3.org/2001/XMLSchema-instance"
        xmlns:p="http://www.springframework.org/schema/p"
        xmlns:context="http://www.springframework.org/schema/context"
        xmlns:mvc="http://www.springframework.org/schema/mvc"
        xsi:schemaLocation="http://www.springframework.org/schema/beans http://www.springframework.org/schema/beans/spring-beans-4.0.xsd
                http://www.springframework.org/schema/context http://www.springframework.org/schema/context/spring-context-4.0.xsd
                http://www.springframework.org/schema/mvc http://www.springframework.org/schema/mvc/spring-mvc-4.0.xsd">

    <context:component-scan base-package="egovframework">
        <context:include-filter type="annotation" expression="org.springframework.stereotype.Controller"/>
        <context:exclude-filter type="annotation" expression="org.springframework.stereotype.Service"/>
        <context:exclude-filter type="annotation" expression="org.springframework.stereotype.Repository"/>
    </context:component-scan>

    <bean class="org.springframework.web.servlet.mvc.method.annotation.RequestMappingHandlerAdapter">
        <property name="webBindingInitializer">
            <bean class="egovframework.aviation.cmmn.web.EgovBindingInitializer"/>
        </property>
    </bean> 
    <bean class="org.springframework.web.servlet.mvc.method.annotation.RequestMappingHandlerMapping">
        <property name="interceptors">
            <list>
                <ref bean="localeChangeInterceptor" />
            </list>
        </property> 
    </bean>
    
    <bean id="localeResolver" class="org.springframework.web.servlet.i18n.SessionLocaleResolver" />
    <!-- 쿠키를 이용한 Locale 이용시 <bean id="localeResolver" class="org.springframework.web.servlet.i18n.CookieLocaleResolver"/> -->
    <bean id="localeChangeInterceptor" class="org.springframework.web.servlet.i18n.LocaleChangeInterceptor">
        <property name="paramName" value="language" />
    </bean>

    <!-- <bean class="org.springframework.web.servlet.handler.SimpleMappingExceptionResolver">
        <property name="defaultErrorView" value="cmmn/egovError"/>
        <property name="exceptionMappings">
            <props>
                <prop key="org.springframework.dao.DataAccessException">cmmn/dataAccessFailure</prop>
                <prop key="org.springframework.transaction.TransactionException">cmmn/transactionFailure</prop>
                <prop key="org.egovframe.rte.fdl.cmmn.exception.EgovBizException">cmmn/egovError</prop>
                <prop key="org.springframework.security.AccessDeniedException">cmmn/egovError</prop>
            </props>
        </property>
    </bean> -->
    <bean id="jsonView" class="org.springframework.web.servlet.view.json.MappingJackson2JsonView">
		<property name="contentType" value="application/json;charset=UTF-8"></property>
	</bean>
	
	<bean class="org.springframework.web.servlet.view.BeanNameViewResolver" id="beanNameView">
		<property value="0" name="order"/>
	</bean>

    <bean class="org.springframework.web.servlet.view.UrlBasedViewResolver" p:order="1"
	    p:viewClass="org.springframework.web.servlet.view.JstlView"
	    p:prefix="/WEB-INF/jsp/egovframework/aviation/" p:suffix=".jsp"/>

    <!-- For Pagination Tag -->
    <bean id="imageRenderer" class="egovframework.aviation.cmmn.web.EgovImgPaginationRenderer"/>

    <bean id="paginationManager" class="org.egovframe.rte.ptl.mvc.tags.ui.pagination.DefaultPaginationManager">
        <property name="rendererType">
            <map>
                <entry key="image" value-ref="imageRenderer"/>
            </map>
        </property>
    </bean>
	<!-- /For Pagination Tag -->
	
        <!-- 파일 업로드 설정 -->
    <bean id="multipartResolver" class="org.springframework.web.multipart.commons.CommonsMultipartResolver">
        <property name="maxUploadSize" value="100000000" /> 
        <property name="maxInMemorySize" value="100000000" /> 
    </bean>
    
    <!-- <bean id="idName" class="devpia.dextuploadnj.support.spring.DEXTUploadNJMultipartResolver">
	  <property name="environment">
	    <bean class="devpia.dextuploadnj.Environment">
	      <property name="licenseAuthKey" value="L8yzkuoGnxL2dLIGWVoK4/17Q5lPVj3Yv39u7eflwENdpNmrRiFx/i1LkDSMFNij/LLwZ56dusfG/x9Aw/VhpKiVRDYCoMNvZa5VIQ1dk7Hj13o8GdPlbT5scryBV3iq"/>
	    </bean>
	  </property>
	</bean> -->
	
	<bean id="idName" class="devpia.dextuploadnj.support.spring.DEXTUploadNJMultipartResolver">
	  <property name="environment">
	    <bean class="devpia.dextuploadnj.Environment">
	      <property name="licenseAuthKey" value="9fCzoEDYq+/V2uvNo1GELNyuQCkL2w+JmRVHxSzE1HN7BdYBBSy78KKiumnyXuIuOvt2ausAnqQeZ6dLm3ch27Uhr/0RQ4X9MJ0MqRFGDtfj+Lbzx2oJiWW1yqF4j0aM"/>
	    </bean>
	  </property>
	</bean>

    <mvc:view-controller path="/cmmn/validator.do" view-name="cmmn/validator"/>
    
    <mvc:interceptors>
	    <mvc:interceptor>
	        <mvc:mapping path="/**/*.do"/> <!-- 절대경로(/)부터 시작하면 중간경로가 있을 수 있기에 (**)으로 표시 -->
	        <mvc:exclude-mapping path="/login.do"/> <!-- 예외 경로 지정 --> 
	        <mvc:exclude-mapping path="/main.do"/> <!-- 예외 경로 지정 -->
	        <bean class="egovframework.aviation.interceptor.AuthInterceptor" />
	    </mvc:interceptor>
	</mvc:interceptors>
</beans>