﻿<?xml version="1.0" encoding="utf-8"?>
<root>
    <Error>
        <E_NOT_VALID_COLOR_PATTERN_NUMBER id="100">﻿无效的UI颜色样式号</E_NOT_VALID_COLOR_PATTERN_NUMBER>
        <E_NOT_VALID_IMAGE_PATTERN_NUMBER id="101">无效的状态图像模式号</E_NOT_VALID_IMAGE_PATTERN_NUMBER>
        <E_UPLOADITEM_ADD_STOP id="110">暂停添加上传项目</E_UPLOADITEM_ADD_STOP>
        <E_INVALID_ITEM_UNIQID id="111">不是有效的项目id。</E_INVALID_ITEM_UNIQID>
        <E_INVALID_ITEM_INDEX id="112">不是有效的项目索引。</E_INVALID_ITEM_INDEX>
        <E_INVALID_ITEM_TYPE id="113">不是有效的项目类型。</E_INVALID_ITEM_TYPE>
        <E_INVALID_METADATA_NAME id="114">不是有效的元数据名称</E_INVALID_METADATA_NAME>
        <E_INVALID_COLUMN_INDEX id="115">不是有效的列指数</E_INVALID_COLUMN_INDEX>
        <E_ERR_META_NAME_EMPTY id="116">元数据名为空。</E_ERR_META_NAME_EMPTY>
        <E_ERR_META_NAME_FIRST_CAHRACTER id="117">元数据的第一个字符是英文字母。</E_ERR_META_NAME_FIRST_CAHRACTER>
        <E_ERR_META_NAME_VALIABLE_CAHRACTERS id="118">起元数据的名字时可以使用的文字是('A~Z', 'a~z', '0~9', '-', '_') 。</E_ERR_META_NAME_VALIABLE_CAHRACTERS>
        <E_ENABLE_ADD_ONLY_ONE_FILE id="120">只可以添加一个文件</E_ENABLE_ADD_ONLY_ONE_FILE>
        <E_ITEM_DELETE_FAIL	id="121">删除项目失败</E_ITEM_DELETE_FAIL>
        <E_NOITEM_FOR_DELETE id="122">没有要删除的项目。</E_NOITEM_FOR_DELETE>
        <E_NOVALID_TYPE_FOR_DELETE id="123">不是有效的删除类型。</E_NOVALID_TYPE_FOR_DELETE>
        <E_DELETE_FAIL_ALL_ITEMS id ="124">失败删除整个项目。</E_DELETE_FAIL_ALL_ITEMS>
        <E_DELETE_FAIL_SELECTED_ITEMS id="125">失败删除被选的项目。</E_DELETE_FAIL_SELECTED_ITEMS>
        <E_DELETE_FAIL_CHECKED_ITEMS id="126">失败删除被选的项目。</E_DELETE_FAIL_CHECKED_ITEMS>
        <E_DELETED_VIRTUALFILE_LIST_EMPTY id="127">不存在被删除的虚拟文件。</E_DELETED_VIRTUALFILE_LIST_EMPTY>
        <E_ITEM_NOT_SELECTED id="128">没有被选择的项目。</E_ITEM_NOT_SELECTED>
        <E_ITEM_NOT_SELECTED id="129">没有被检查的项目。</E_ITEM_NOT_SELECTED>
        <E_DUPLICATE_FILTERS id="130">过滤器配置重复</E_DUPLICATE_FILTERS>
        <E_ENABLE_ADD_ONLY_FILE_SIMPLESTYLE id="131">在REPORT_SIMPLE 款式上只可以添加文件。</E_ENABLE_ADD_ONLY_FILE_SIMPLESTYLE>
        <E_NOT_EXECUTABLE_ITEM_TYPE id="132">不是可以运行的类型</E_NOT_EXECUTABLE_ITEM_TYPE>
        <E_NOT_EXIST_LINKED_PROGRAM id="133">没有可运行的连接程序。</E_NOT_EXIST_LINKED_PROGRAM>
        <E_NOT_EXIST_EXECUTABLE_PATH id="134">未指定运行对象路径。</E_NOT_EXIST_EXECUTABLE_PATH>
        <E_SERVERFILE_EXECUTE_FAIL id="135">运行文件失败 (HttpStatusCode: %d, FileURL: %s)</E_SERVERFILE_EXECUTE_FAIL>
        <E_LOCK_ITEM id="136">无法删除锁定文件</E_LOCK_ITEM>
        <E_BLACKLIST_EXTENSION_FOR_EXECUTE id="137">这是一个禁止运行的扩展。</E_BLACKLIST_EXTENSION_FOR_EXECUTE>
        <E_FILETITLE_INCLUDE_INVALID_CHARACTER id="138">文件名中包含不受支持的字符。(\ / : * ? &quot; &lt; &gt; |)</E_FILETITLE_INCLUDE_INVALID_CHARACTER>
        <E_NOT_SUPPORT_COMPRESS_START_TYPE id="170">不支持的压缩开始类型。</E_NOT_SUPPORT_COMPRESS_START_TYPE>
        <E_NOT_SUPPORT_ENCRYPT_START_TYPE id="171">不支持的加密开始类型。</E_NOT_SUPPORT_ENCRYPT_START_TYPE>
        <E_NOT_SUPPORT_DNCRYPT_START_TYPE id="172">不支持的解密开始类型。</E_NOT_SUPPORT_DNCRYPT_START_TYPE>
        <E_INVALID_PROXY_INFO id="180">代理服务器信息不正确。</E_INVALID_PROXY_INFO>
        <E_EMPTY_AUTH_KEY id="181">验证密钥为空。</E_EMPTY_AUTH_KEY>
        <E_ABNORMAL_AUTH_KEY_FORMAT id="182">验证密钥的形式不正确。</E_ABNORMAL_AUTH_KEY_FORMAT>
        <E_EVALUATION_EXPIRED id="183">展示程序的使用期限已过期。</E_EVALUATION_EXPIRED>
        <E_INVALID_AUTH_INFO id="184">不是正常的认证信息</E_INVALID_AUTH_INFO>
        <E_NOT_REGISTERED_HOST_NAME id="185">不是注册的域名</E_NOT_REGISTERED_HOST_NAME>
        <E_UPLOAD_URL_EMPTY id="190">没有上传网站地址</E_UPLOAD_URL_EMPTY>
        <E_UPLOADITEM_EMPTY id="191">没有上传对象的目录</E_UPLOADITEM_EMPTY>
        <E_ALL_ITEM_WORDK_END id="192">已完成了所有项目</E_ALL_ITEM_WORDK_END>
        <E_DOWNLOADLOADITEM_EMPTY id="193">没有下载对象的目录</E_DOWNLOADLOADITEM_EMPTY>
        <E_UPLOADING id="194">正在上传文件</E_UPLOADING>
        <E_DOWNLOADING id="195">正在下载文件</E_DOWNLOADING>
        <E_CREATRE_FILE_FAIL_DOWNLOAD id="196">下载文件创建失败</E_CREATRE_FILE_FAIL_DOWNLOAD>
        <E_INVALID_SAVE_PATH id="197">不是正常的保存途径</E_INVALID_SAVE_PATH>
        <E_CREATE_SAVE_PATH_FAIL id="198">下载文件创建失败</E_CREATE_SAVE_PATH_FAIL>
        <E_NO_COMPRESS_TARGET id="210">没有压缩的对象</E_NO_COMPRESS_TARGET>
        <E_ERROR_COMPRESS_WORKING id="211">压缩错误</E_ERROR_COMPRESS_WORKING>
        <E_NO_ENCRYPTION_TARGET id="212">没有加密的对象</E_NO_ENCRYPTION_TARGET>
        <E_INVALID_PREVIEW_TYPE id="220">不可预览的类型</E_INVALID_PREVIEW_TYPE>
        <E_INVALID_PREVIEW_FILE id="221">不可预览的形式</E_INVALID_PREVIEW_FILE>
        <E_THUMBNAIL_DEFAULTPATH_CREATE_FAIL id="230">缩略图默认文件夹创建失败</E_THUMBNAIL_DEFAULTPATH_CREATE_FAIL>
        <E_THUMBNAIL_NOTSUPPORT_TYPE id="231">不支持'%s' 格式</E_THUMBNAIL_NOTSUPPORT_TYPE>
        <E_TUHMBNAIL_EXCEPTION id="232">在自动添加缩略图中出错 (Message: %s, Code: %s)</E_TUHMBNAIL_EXCEPTION>
        <E_NOT_SUPPORT_CLIPBOARD_FORMAT id="240">不支持的剪贴板格式</E_NOT_SUPPORT_CLIPBOARD_FORMAT>
        <E_CLIPBOARD_FILE_SAVE_FAIL id="241">剪贴板文件创建失败 (%d(0x%X))</E_CLIPBOARD_FILE_SAVE_FAIL>
        <E_INVALID_ARGUMENT_TYPE id="250">不支持该参数的类型。</E_INVALID_ARGUMENT_TYPE>
    </Error>
    <ErrorDetail>

        <E_ID_ERROR_DETATIL_DUPLICATE_FILEFOLDER id="100">文件/文件夹重复</E_ID_ERROR_DETATIL_DUPLICATE_FILEFOLDER>
        <E_ID_ERROR_DETATIL_DUPLICATE_VIRTUALFILE id="101">假象文件重复</E_ID_ERROR_DETATIL_DUPLICATE_VIRTUALFILE>
        <E_ID_ERROR_DETATIL_LIMITED_EXTENSION id="102">有限的扩展名</E_ID_ERROR_DETATIL_LIMITED_EXTENSION>
        <E_ID_ERROR_DETATIL_LIMITED_COUNT id="103">超过数量有限</E_ID_ERROR_DETATIL_LIMITED_COUNT>
        <E_ID_ERROR_DETATIL_LIMITED_FILE_SIZE_MIN id="104">不足文件最小容量</E_ID_ERROR_DETATIL_LIMITED_FILE_SIZE_MIN>
        <E_ID_ERROR_DETATIL_LIMITED_FILE_SIZE_MAX id="105">超过文件最大容量</E_ID_ERROR_DETATIL_LIMITED_FILE_SIZE_MAX>
        <E_ID_ERROR_DETATIL_LIMITED_TOTAL_SIZE id="106">超过整个有限容量</E_ID_ERROR_DETATIL_LIMITED_TOTAL_SIZE>

    </ErrorDetail>
    <MessageBox>

        <E_ID_MSGBOX_DEL_DUP_FILEFOLDER id="200">删除了重复的文件/文件夹项目。没有添加项目</E_ID_MSGBOX_DEL_DUP_FILEFOLDER>
        <E_ID_MSGBOX_DEL_DUP_FILEFOLDER_CONTINUE id="201">删除了重复的文件/文件夹项目。想要添加其余项目吗?</E_ID_MSGBOX_DEL_DUP_FILEFOLDER_CONTINUE>
        <E_ID_MSGBOX_DEL_DUP_VIRTUALFILE id="202">删除了重复的假象文件项目。没有添加项目</E_ID_MSGBOX_DEL_DUP_VIRTUALFILE>
        <E_ID_MSGBOX_DEL_DUP_VIRTUALFILE_CONTINUE id="203">删除了重复的假象文件项目。想要添加其余项目吗?</E_ID_MSGBOX_DEL_DUP_VIRTUALFILE_CONTINUE>
        <E_ID_MSGBOX_DEL_FILTER_EXTENSION id="204">删除了不允许的扩展名的文件。没有添加项目</E_ID_MSGBOX_DEL_FILTER_EXTENSION>
        <E_ID_MSGBOX_DEL_FILTER_EXTENSION_CONTINUE id="205">删除了不允许的扩展名的文件。想要添加其余项目吗?</E_ID_MSGBOX_DEL_FILTER_EXTENSION_CONTINUE>
        <E_ID_MSGBOX_DEL_LIMIT_FILE_COUNT id="206">删除了%d个超过的文件。没有添加项目</E_ID_MSGBOX_DEL_LIMIT_FILE_COUNT>
        <E_ID_MSGBOX_DEL_LIMIT_FILE_COUNT_CONTINUE id="207">删除了%d个超过的文件。想要添加其余项目吗?</E_ID_MSGBOX_DEL_LIMIT_FILE_COUNT_CONTINUE>

        <E_ID_MSGBOX_DEL_LIMIT_FILE_SIZE_MIN id="208">因%d个文件不到可以上传的最小容量，而被删除了。没有添加项目。</E_ID_MSGBOX_DEL_LIMIT_FILE_SIZE_MIN>
        <E_ID_MSGBOX_DEL_LIMIT_FILE_SIZE_MIN_CONTINUE id="209">因%d个文件不到可以上传的最小容量，而被删除了。想要添加其余项目吗?</E_ID_MSGBOX_DEL_LIMIT_FILE_SIZE_MIN_CONTINUE>

        <E_ID_MSGBOX_DEL_LIMIT_FILE_SIZE_MAX id="210">因%d个文件超过了可以上传的最大容量，而被删除了。没有添加项目。</E_ID_MSGBOX_DEL_LIMIT_FILE_SIZE_MAX>
        <E_ID_MSGBOX_DEL_LIMIT_FILE_SIZE_MAX_CONTINUE id="211">因%d个文件超过了可以上传的最大容量，而被删除了。想要添加其余项目吗?</E_ID_MSGBOX_DEL_LIMIT_FILE_SIZE_MAX_CONTINUE>

        <E_ID_MSGBOX_DEL_LIMIT_TOTAL_SIZE id="212">上传限制大小是%lld。因为大小超过了%lld，而文件被删除了。 没有添加项目。</E_ID_MSGBOX_DEL_LIMIT_TOTAL_SIZE>
        <E_ID_MSGBOX_DEL_LIMIT_TOTAL_SIZE_CONTINUE id="213">上传限制大小是%lld。因为大小超过了%lld，而文件被删除了。 想要添加其余项目吗?</E_ID_MSGBOX_DEL_LIMIT_TOTAL_SIZE_CONTINUE>


        <E_ID_MSGBOX_ENDECRYPT_PASSWORD_MAX_LENGTH id="220">密码的最大长度是%d</E_ID_MSGBOX_ENDECRYPT_PASSWORD_MAX_LENGTH>
        <E_ID_MSGBOX_ENCRYPT_INPUT_PASSWORD id="221">请输入加密密码</E_ID_MSGBOX_ENCRYPT_INPUT_PASSWORD>
        <E_ID_MSGBOX_ENCRYPT_CANCEL id="222">加密操作取消了</E_ID_MSGBOX_ENCRYPT_CANCEL>
        <E_ID_MSGBOX_ENCRYPT_ERROR id="223">加密操作失败 (ErrorCode: %d, file: %s)</E_ID_MSGBOX_ENCRYPT_ERROR>
        <E_ID_MSGBOX_ENCRYPT_COMPLETE id="224">完成加密操作</E_ID_MSGBOX_ENCRYPT_COMPLETE>


        <E_ID_MSGBOX_DECRYPT_AFTER_DOWNLOAD id="230">下载后，请进行解密</E_ID_MSGBOX_DECRYPT_AFTER_DOWNLOAD>
        <E_ID_MSGBOX_DECRYPT_INPUT_PASSWORD id="231">请输入密码</E_ID_MSGBOX_DECRYPT_INPUT_PASSWORD>
        <E_ID_MSGBOX_DECRYPT_NOT_EXIST_ITEM id="232">没有解密的对象</E_ID_MSGBOX_DECRYPT_NOT_EXIST_ITEM>
        <E_ID_MSGBOX_DECRYPT_CANCEL id="233">解密操作取消了</E_ID_MSGBOX_DECRYPT_CANCEL>
        <E_ID_MSGBOX_DECRYPT_PASSWORD_MISMATCH id="234">密码不匹配 (ErrorCode: %d, file: %s)</E_ID_MSGBOX_DECRYPT_PASSWORD_MISMATCH>
        <E_ID_MSGBOX_DECRYPT_ERROR id="235">解密操作失败 (ErrorCode: %d, file: %s)</E_ID_MSGBOX_DECRYPT_ERROR>
        <E_ID_MSGBOX_DECRYPT_COMPLETE id="236">完成解密操作</E_ID_MSGBOX_DECRYPT_COMPLETE>


        <E_ID_MSGBOX_COMPRESS_CANCEL id="240">是否取消压缩？</E_ID_MSGBOX_COMPRESS_CANCEL>


        <E_ID_MSGBOX_TITLE_NOTIFY id="250">通知</E_ID_MSGBOX_TITLE_NOTIFY>
        <E_ID_MSGBOX_TITLE_CHECK id="251">确认</E_ID_MSGBOX_TITLE_CHECK>

    </MessageBox>
    <ListHeader>

        <E_ID_LIST_HEADER_TITLE id="100">名称</E_ID_LIST_HEADER_TITLE>
        <E_ID_LIST_HEADER_TITLE2 id="101">途径</E_ID_LIST_HEADER_TITLE2>
        <E_ID_LIST_HEADER_SIZE id="102">大小</E_ID_LIST_HEADER_SIZE>
        <E_ID_LIST_HEADER_STATUS id="103">状态</E_ID_LIST_HEADER_STATUS>

    </ListHeader>
    <UploadWindow>
        <E_ID_UPWND_TEXT_CURFILE id="100">当前文件</E_ID_UPWND_TEXT_CURFILE>
        <E_ID_UPWND_TEXT_TOTALFILE id="101">整个文件</E_ID_UPWND_TEXT_TOTALFILE>
        <E_ID_UPWND_TEXT_SPEED id="102">速度</E_ID_UPWND_TEXT_SPEED>
        <E_ID_UPWND_TEXT_CURFILE_TIME id="103">当前文件</E_ID_UPWND_TEXT_CURFILE_TIME>
        <E_ID_UPWND_TEXT_TOTALFILE_TIME id="104">整个文件</E_ID_UPWND_TEXT_TOTALFILE_TIME>
        <E_ID_UPWND_TEXT_BTN_CANCEL id="105">取消</E_ID_UPWND_TEXT_BTN_CANCEL>
        <E_ID_UPWND_TEXT_FONT_NAME id="106">Arial</E_ID_UPWND_TEXT_FONT_NAME>
        <E_ID_UPWND_TEXT_TITLE id="107">上传</E_ID_UPWND_TEXT_TITLE>
        <E_ID_UPWND_TEXT_DELAY_TEXT id="108">服务器处理中</E_ID_UPWND_TEXT_DELAY_TEXT>
    </UploadWindow>
    <DownloadWindow>
        <E_ID_DOWNWND_TEXT_CURFILE id="100">当前文件</E_ID_DOWNWND_TEXT_CURFILE>
        <E_ID_DOWNWND_TEXT_TOTALFILE id="101">整个文件</E_ID_DOWNWND_TEXT_TOTALFILE>
        <E_ID_DOWNWND_TEXT_SPEED id="102">速度</E_ID_DOWNWND_TEXT_SPEED>
        <E_ID_DOWNWND_TEXT_CURFILE_TIME id="103">当前文件</E_ID_DOWNWND_TEXT_CURFILE_TIME>
        <E_ID_DOWNWND_TEXT_TOTALFILE_TIME id="104">整个文件</E_ID_DOWNWND_TEXT_TOTALFILE_TIME>
        <E_ID_DOWNWND_TEXT_BTN_CANCEL id="105">取消</E_ID_DOWNWND_TEXT_BTN_CANCEL>
        <E_ID_DOWNWND_TEXT_FONT_NAME id="106">Arial</E_ID_DOWNWND_TEXT_FONT_NAME>
        <E_ID_DOWNWND_TEXT_TITLE id="107">下载</E_ID_DOWNWND_TEXT_TITLE>
    </DownloadWindow>
    <PasswordWindow>
        <E_ID_PWD_TEXT_FONT_NAME id="100">Arial</E_ID_PWD_TEXT_FONT_NAME>
        <E_ID_PWD_TEXT_TITLE id="101">密码</E_ID_PWD_TEXT_TITLE>
        <E_ID_PWD_TEXT_INPUT id="102">密码</E_ID_PWD_TEXT_INPUT>
    </PasswordWindow>
    <OverwriteWindow>
        <E_ID_OVWRT_TEXT_FONT_NAME id="100">Arial</E_ID_OVWRT_TEXT_FONT_NAME>
        <E_ID_OVWRT_TEXT_TITLE id="101">重复文件处理选项</E_ID_OVWRT_TEXT_TITLE>
        <E_ID_OVWRT_TEXT_RADIO_OVERWRITE id="102">覆盖</E_ID_OVWRT_TEXT_RADIO_OVERWRITE>
        <E_ID_OVWRT_TEXT_RADIO_RENAME id="103">保存新文件名称</E_ID_OVWRT_TEXT_RADIO_RENAME>
        <E_ID_OVWRT_TEXT_RADIO_SKIP id="104">跳转</E_ID_OVWRT_TEXT_RADIO_SKIP>
        <E_ID_OVWRT_TEXT_CHECKBOX_CONTINUE id="105">不再提问</E_ID_OVWRT_TEXT_CHECKBOX_CONTINUE>
    </OverwriteWindow>
    <CompressWindow>
        <E_ID_COMP_TEXT_FONT_NAME id="100">Arial</E_ID_COMP_TEXT_FONT_NAME>
        <E_ID_COMP_TEXT_TITLE id="101">压缩</E_ID_COMP_TEXT_TITLE>
        <E_ID_COMP_TEXT_COMPLETE_TOTAL id="102">（完成/综合）</E_ID_COMP_TEXT_COMPLETE_TOTAL>
    </CompressWindow>
    <EnDecryptWindow>
        <E_ID_ENDECRYPT_TEXT_FONT_NAME id="100">Arial</E_ID_ENDECRYPT_TEXT_FONT_NAME>
        <E_ID_ENDECRYPT_TEXT_TITLE_ENCRYPT id="101">加密</E_ID_ENDECRYPT_TEXT_TITLE_ENCRYPT>
        <E_ID_ENDECRYPT_TEXT_TITLE_DECRYPT id="102">解密</E_ID_ENDECRYPT_TEXT_TITLE_DECRYPT>
    </EnDecryptWindow>
</root>