﻿<?xml version="1.0" encoding="utf-8"?>
<root>
    <Error>
        <E_NOT_VALID_COLOR_PATTERN_NUMBER id="100">유효한 UI Color Pattern 번호가 아닙니다.</E_NOT_VALID_COLOR_PATTERN_NUMBER>
        <E_NOT_VALID_IMAGE_PATTERN_NUMBER id="101">유효한 Status Image Pattern 번호가 아닙니다.</E_NOT_VALID_IMAGE_PATTERN_NUMBER>
        <E_UPLOADITEM_ADD_STOP id="110">업로드 아이템 추가 중지</E_UPLOADITEM_ADD_STOP>
        <E_INVALID_ITEM_UNIQID id="111">유효한 아이템 ID가 아닙니다.</E_INVALID_ITEM_UNIQID>
        <E_INVALID_ITEM_INDEX id="112">유효한 아이템 인덱스가 아닙니다.</E_INVALID_ITEM_INDEX>
        <E_INVALID_ITEM_TYPE id="113">유효한 아이템 타입이 아닙니다.</E_INVALID_ITEM_TYPE>
        <E_INVALID_METADATA_NAME id="114">유효한 META DATA NAME 이 아닙니다.</E_INVALID_METADATA_NAME>
        <E_INVALID_COLUMN_INDEX id="115">유효한 컬럼 인덱스가 아닙니다.</E_INVALID_COLUMN_INDEX>
        <E_ERR_META_NAME_EMPTY id="116">메타데이터 이름이 비어있습니다.</E_ERR_META_NAME_EMPTY>
        <E_ERR_META_NAME_FIRST_CAHRACTER id="117">메타데이터 이름의 첫 문자는 영문자여야 합니다.</E_ERR_META_NAME_FIRST_CAHRACTER>
        <E_ERR_META_NAME_VALIABLE_CAHRACTERS id="118">메타데이터 이름으로 사용 가능한 문자는 ('A~Z', 'a~z', '0~9', '-', '_') 입니다.</E_ERR_META_NAME_VALIABLE_CAHRACTERS>
        <E_ENABLE_ADD_ONLY_ONE_FILE id="120">한 개의 파일만 추가 가능합니다.</E_ENABLE_ADD_ONLY_ONE_FILE>
        <E_ITEM_DELETE_FAIL	id="121">아이템 삭제 실패</E_ITEM_DELETE_FAIL>
        <E_NOITEM_FOR_DELETE id="122">삭제할 항목이 없습니다.</E_NOITEM_FOR_DELETE>
        <E_NOVALID_TYPE_FOR_DELETE id="123">유효한 삭제 타입이 아닙니다.</E_NOVALID_TYPE_FOR_DELETE>
        <E_DELETE_FAIL_ALL_ITEMS id ="124">전체 아이템 삭제 실패.</E_DELETE_FAIL_ALL_ITEMS>
        <E_DELETE_FAIL_SELECTED_ITEMS id="125">선택된 아이템 삭제 실패.</E_DELETE_FAIL_SELECTED_ITEMS>
        <E_DELETE_FAIL_CHECKED_ITEMS id="126">선택된 아이템 삭제 실패.</E_DELETE_FAIL_CHECKED_ITEMS>
        <E_DELETED_VIRTUALFILE_LIST_EMPTY id="127">삭제된 가상파일이 존재하지 않습니다.</E_DELETED_VIRTUALFILE_LIST_EMPTY>
        <E_ITEM_NOT_SELECTED id="128">선택된 항목이 없습니다.</E_ITEM_NOT_SELECTED>
        <E_ITEM_NOT_SELECTED id="129">체크된 항목이 없습니다.</E_ITEM_NOT_SELECTED>
        <E_DUPLICATE_FILTERS id="130">필터 설정 중복</E_DUPLICATE_FILTERS>
        <E_ENABLE_ADD_ONLY_FILE_SIMPLESTYLE id="131">REPORT_SIMPLE 스타일에서는 파일만 추가 가능합니다.</E_ENABLE_ADD_ONLY_FILE_SIMPLESTYLE>
        <E_NOT_EXECUTABLE_ITEM_TYPE id="132">실행 가능한 타입이 아닙니다.</E_NOT_EXECUTABLE_ITEM_TYPE>
        <E_NOT_EXIST_LINKED_PROGRAM id="133">실행 할 수 있는 연결프로그램이 없습니다.</E_NOT_EXIST_LINKED_PROGRAM>
        <E_NOT_EXIST_EXECUTABLE_PATH id="134">실행 대상 경로가 입력되지 않았습니다.</E_NOT_EXIST_EXECUTABLE_PATH>
        <E_SERVERFILE_EXECUTE_FAIL id="135">파일 실행 실패(HttpStatusCode: %d, FileURL: %s)</E_SERVERFILE_EXECUTE_FAIL>
        <E_LOCK_ITEM id="136">잠금파일은 삭제 할 수 없습니다.</E_LOCK_ITEM>
        <E_BLACKLIST_EXTENSION_FOR_EXECUTE id="137">실행 금지된 확장자 입니다.</E_BLACKLIST_EXTENSION_FOR_EXECUTE>
        <E_FILETITLE_INCLUDE_INVALID_CHARACTER id="138">파일 이름에 지원되지 않는 문자가 존재합니다.(\ / : * ? &quot; &lt; &gt; |)</E_FILETITLE_INCLUDE_INVALID_CHARACTER>
        <E_NOT_SUPPORT_COMPRESS_START_TYPE id="170">지원되지 않는 압축 시작 타입 입니다.</E_NOT_SUPPORT_COMPRESS_START_TYPE>
        <E_NOT_SUPPORT_ENCRYPT_START_TYPE id="171">지원되지 않는 암호화 시작 타입 입니다.</E_NOT_SUPPORT_ENCRYPT_START_TYPE>
        <E_NOT_SUPPORT_DNCRYPT_START_TYPE id="172">지원되지 않는 복호화 시작 타입 입니다.</E_NOT_SUPPORT_DNCRYPT_START_TYPE>
        <E_INVALID_PROXY_INFO id="180">프록시 인증 정보가 올바르지 않습니다.</E_INVALID_PROXY_INFO>
        <E_EMPTY_AUTH_KEY id="181">인증키가 비어있습니다.</E_EMPTY_AUTH_KEY>
        <E_ABNORMAL_AUTH_KEY_FORMAT id="182">인증키 형식이 올바르지 않습니다.</E_ABNORMAL_AUTH_KEY_FORMAT>
        <E_EVALUATION_EXPIRED id="183">평가판 사용 기간이 만료되었습니다.</E_EVALUATION_EXPIRED>
        <E_INVALID_AUTH_INFO id="184">정상적인 인증정보가 아닙니다.</E_INVALID_AUTH_INFO>
        <E_NOT_REGISTERED_HOST_NAME id="185">등록된 도메인이(IP) 아닙니다.</E_NOT_REGISTERED_HOST_NAME>
        <E_UPLOAD_URL_EMPTY id="190">업로드 URL이 존재하지 않습니다.</E_UPLOAD_URL_EMPTY>
        <E_UPLOADITEM_EMPTY id="191">업로드 대상 목록이 없습니다.</E_UPLOADITEM_EMPTY>
        <E_ALL_ITEM_WORDK_END id="192">모든항목이 완료된 상태입니다.</E_ALL_ITEM_WORDK_END>
        <E_DOWNLOADLOADITEM_EMPTY id="193">다운로드 대상 목록이 없습니다.</E_DOWNLOADLOADITEM_EMPTY>
        <E_UPLOADING id="194">업로드 진행중 입니다.</E_UPLOADING>
        <E_DOWNLOADING id="195">다운로드 진행중 입니다.</E_DOWNLOADING>
        <E_CREATRE_FILE_FAIL_DOWNLOAD id="196">다운로드 파일 생성 실패</E_CREATRE_FILE_FAIL_DOWNLOAD>
        <E_INVALID_SAVE_PATH id="197">정상적인 저장 경로가 아닙니다.</E_INVALID_SAVE_PATH>
        <E_CREATE_SAVE_PATH_FAIL id="198">다운로드 경로 생성 실패</E_CREATE_SAVE_PATH_FAIL>
        <E_NO_COMPRESS_TARGET id="210">압축 대상이 없습니다.</E_NO_COMPRESS_TARGET>
        <E_ERROR_COMPRESS_WORKING id="211">압축 오류</E_ERROR_COMPRESS_WORKING>
        <E_NO_ENCRYPTION_TARGET id="212">암호화 대상이 없습니다.</E_NO_ENCRYPTION_TARGET>
        <E_INVALID_PREVIEW_TYPE id="220">미리보기 유효하지 않은 타입입니다.</E_INVALID_PREVIEW_TYPE>
        <E_INVALID_PREVIEW_FILE id="221">미리보기 유효하지 않은 형식입니다.</E_INVALID_PREVIEW_FILE>
        <E_THUMBNAIL_DEFAULTPATH_CREATE_FAIL id="230">thumbnail 기본폴더 생성 실패</E_THUMBNAIL_DEFAULTPATH_CREATE_FAIL>
        <E_THUMBNAIL_NOTSUPPORT_TYPE id="231">'%s' 는 지원되는 않는 형식입니다.</E_THUMBNAIL_NOTSUPPORT_TYPE>
        <E_TUHMBNAIL_EXCEPTION id="232">Thumbnail 자동추가 시 오류 발생(내용: %s, 코드: %d)</E_TUHMBNAIL_EXCEPTION>
        <E_NOT_SUPPORT_CLIPBOARD_FORMAT id="240">지원하지 않는 클립보드포멧 입니다.</E_NOT_SUPPORT_CLIPBOARD_FORMAT>
        <E_CLIPBOARD_FILE_SAVE_FAIL id="241">클립보드 파일 생성 실패(%d(0x%X))</E_CLIPBOARD_FILE_SAVE_FAIL>
        <E_INVALID_ARGUMENT_TYPE id="250">지원되지 않는 타입의 인자입니다.</E_INVALID_ARGUMENT_TYPE>
    </Error>
    <ErrorDetail>
        <E_ID_ERROR_DETATIL_DUPLICATE_FILEFOLDER id="100">파일/폴더 중복</E_ID_ERROR_DETATIL_DUPLICATE_FILEFOLDER>
        <E_ID_ERROR_DETATIL_DUPLICATE_VIRTUALFILE id="101">가상파일 중복</E_ID_ERROR_DETATIL_DUPLICATE_VIRTUALFILE>
        <E_ID_ERROR_DETATIL_LIMITED_EXTENSION id="102">제한된 확장자</E_ID_ERROR_DETATIL_LIMITED_EXTENSION>
        <E_ID_ERROR_DETATIL_LIMITED_COUNT id="103">제한갯수 초과</E_ID_ERROR_DETATIL_LIMITED_COUNT>
        <E_ID_ERROR_DETATIL_LIMITED_FILE_SIZE_MIN id="104">파일 최소 제한크기 미달</E_ID_ERROR_DETATIL_LIMITED_FILE_SIZE_MIN>
        <E_ID_ERROR_DETATIL_LIMITED_FILE_SIZE_MAX id="105">파일 최대 제한크기 초과</E_ID_ERROR_DETATIL_LIMITED_FILE_SIZE_MAX>
        <E_ID_ERROR_DETATIL_LIMITED_TOTAL_SIZE id="106">전체 제한크기 초과</E_ID_ERROR_DETATIL_LIMITED_TOTAL_SIZE>
    </ErrorDetail>
    <MessageBox>
        <E_ID_MSGBOX_DEL_DUP_FILEFOLDER id="200">중복된 파일/폴더 항목을 삭제하였습니다. 추가할 항목이 없습니다.</E_ID_MSGBOX_DEL_DUP_FILEFOLDER>
        <E_ID_MSGBOX_DEL_DUP_FILEFOLDER_CONTINUE id="201">중복된 파일/폴더 항목을 삭제하였습니다. 나머지 항목을 추가하시겠습니까?</E_ID_MSGBOX_DEL_DUP_FILEFOLDER_CONTINUE>
        <E_ID_MSGBOX_DEL_DUP_VIRTUALFILE id="202">중복된 가상파일 항목을 삭제하였습니다. 추가할 항목이 없습니다.</E_ID_MSGBOX_DEL_DUP_VIRTUALFILE>
        <E_ID_MSGBOX_DEL_DUP_VIRTUALFILE_CONTINUE id="203">중복된 가상파일 항목을 삭제하였습니다. 나머지 항목을 추가하시겠습니까?</E_ID_MSGBOX_DEL_DUP_VIRTUALFILE_CONTINUE>
        <E_ID_MSGBOX_DEL_FILTER_EXTENSION id="204">허가되지 않은 확장자 파일이 삭제 되었습니다. 추가할 항목이 없습니다.</E_ID_MSGBOX_DEL_FILTER_EXTENSION>
        <E_ID_MSGBOX_DEL_FILTER_EXTENSION_CONTINUE id="205">허가되지 않은 확장자 파일이 삭제 되었습니다. 나머지 항목을 추가하시겠습니까?</E_ID_MSGBOX_DEL_FILTER_EXTENSION_CONTINUE>
        <E_ID_MSGBOX_DEL_LIMIT_FILE_COUNT id="206">%d 개의 초과된 파일을 삭제하였습니다. 추가할 항목이 없습니다.</E_ID_MSGBOX_DEL_LIMIT_FILE_COUNT>
        <E_ID_MSGBOX_DEL_LIMIT_FILE_COUNT_CONTINUE id="207">%d 개의 초과된 파일을 삭제하였습니다. 나머지 항목을 추가하시겠습니까?</E_ID_MSGBOX_DEL_LIMIT_FILE_COUNT_CONTINUE>
        <E_ID_MSGBOX_DEL_LIMIT_FILE_SIZE_MIN id="208">%d 개의 파일이 업로드 가능 크기 최소 제한용량에 미달되어 삭제되었습니다. 추가할 항목이 없습니다.</E_ID_MSGBOX_DEL_LIMIT_FILE_SIZE_MIN>
        <E_ID_MSGBOX_DEL_LIMIT_FILE_SIZE_MIN_CONTINUE id="209">%d 개의 파일이 업로드 가능 크기 최소 제한용량에 미달되어 삭제되었습니다. 나머지 항목을 추가하시겠습니까?</E_ID_MSGBOX_DEL_LIMIT_FILE_SIZE_MIN_CONTINUE>
        <E_ID_MSGBOX_DEL_LIMIT_FILE_SIZE_MAX id="210">%d 개의 파일이 업로드 가능 크기 최대 제한용량을 초과하여 삭제되었습니다. 추가할 항목이 없습니다.</E_ID_MSGBOX_DEL_LIMIT_FILE_SIZE_MAX>
        <E_ID_MSGBOX_DEL_LIMIT_FILE_SIZE_MAX_CONTINUE id="211">%d 개의 파일이 업로드 가능 크기 최대 제한용량을 초과하여 삭제되었습니다. 나머지 항목을 추가하시겠습니까?</E_ID_MSGBOX_DEL_LIMIT_FILE_SIZE_MAX_CONTINUE>
        <E_ID_MSGBOX_DEL_LIMIT_TOTAL_SIZE id="212">업로드 전체 제한크기 %lld 를 %lld 크기만큼 초과하여 삭제되었습니다. 추가할 항목이 없습니다.</E_ID_MSGBOX_DEL_LIMIT_TOTAL_SIZE>
        <E_ID_MSGBOX_DEL_LIMIT_TOTAL_SIZE_CONTINUE id="213">업로드 전체 제한크기 %lld 를 %lld 크기만큼 초과하여 삭제되었습니다. 나머지 항목을 추가하시겠습니까?</E_ID_MSGBOX_DEL_LIMIT_TOTAL_SIZE_CONTINUE>
        <E_ID_MSGBOX_ENDECRYPT_PASSWORD_MAX_LENGTH id="220">암호 최대 길이는 %d 입니다.</E_ID_MSGBOX_ENDECRYPT_PASSWORD_MAX_LENGTH>
        <E_ID_MSGBOX_ENCRYPT_INPUT_PASSWORD id="221">암호화 비밀번호를 입력하세요.</E_ID_MSGBOX_ENCRYPT_INPUT_PASSWORD>
        <E_ID_MSGBOX_ENCRYPT_CANCEL id="222">암호화 작업이 취소되었습니다.</E_ID_MSGBOX_ENCRYPT_CANCEL>
        <E_ID_MSGBOX_ENCRYPT_ERROR id="223">암호화 작업 실패(ErrorCode : %d, file: %s)</E_ID_MSGBOX_ENCRYPT_ERROR>
        <E_ID_MSGBOX_ENCRYPT_COMPLETE id="224">암호화 작업이 완료되었습니다.</E_ID_MSGBOX_ENCRYPT_COMPLETE>
        <E_ID_MSGBOX_DECRYPT_AFTER_DOWNLOAD id="230">다운로드 후 복호화를 진행하시길 바랍니다.</E_ID_MSGBOX_DECRYPT_AFTER_DOWNLOAD>
        <E_ID_MSGBOX_DECRYPT_INPUT_PASSWORD id="231">비밀번호를 입력하세요.</E_ID_MSGBOX_DECRYPT_INPUT_PASSWORD>
        <E_ID_MSGBOX_DECRYPT_NOT_EXIST_ITEM id="232">복호화 대상이 없습니다.</E_ID_MSGBOX_DECRYPT_NOT_EXIST_ITEM>
        <E_ID_MSGBOX_DECRYPT_CANCEL id="233">복호화 작업이 취소되었습니다.</E_ID_MSGBOX_DECRYPT_CANCEL>
        <E_ID_MSGBOX_DECRYPT_PASSWORD_MISMATCH id="234">암호 불일치(ErrorCode : %d, file: %s)</E_ID_MSGBOX_DECRYPT_PASSWORD_MISMATCH>
        <E_ID_MSGBOX_DECRYPT_ERROR id="235">복호화 작업 실패(ErrorCode : %d, file: %s)</E_ID_MSGBOX_DECRYPT_ERROR>
        <E_ID_MSGBOX_DECRYPT_COMPLETE id="236">복호화 작업이 완료되었습니다.</E_ID_MSGBOX_DECRYPT_COMPLETE>
        <E_ID_MSGBOX_COMPRESS_CANCEL id="240">압축을 취소 하시겠습니까?</E_ID_MSGBOX_COMPRESS_CANCEL>
        <E_ID_MSGBOX_TITLE_NOTIFY id="250">알림</E_ID_MSGBOX_TITLE_NOTIFY>
        <E_ID_MSGBOX_TITLE_CHECK id="251">확인</E_ID_MSGBOX_TITLE_CHECK>
    </MessageBox>
    <ListHeader>
        <E_ID_LIST_HEADER_TITLE id="100">이름</E_ID_LIST_HEADER_TITLE>
        <E_ID_LIST_HEADER_TITLE2 id="101">경로</E_ID_LIST_HEADER_TITLE2>
        <E_ID_LIST_HEADER_SIZE id="102">크기</E_ID_LIST_HEADER_SIZE>
        <E_ID_LIST_HEADER_STATUS id="103">상태</E_ID_LIST_HEADER_STATUS>
    </ListHeader>
    <UploadWindow>
        <E_ID_UPWND_TEXT_CURFILE id="100">Current File</E_ID_UPWND_TEXT_CURFILE>
        <E_ID_UPWND_TEXT_TOTALFILE id="101">Total File</E_ID_UPWND_TEXT_TOTALFILE>
        <E_ID_UPWND_TEXT_SPEED id="102">SPEED</E_ID_UPWND_TEXT_SPEED>
        <E_ID_UPWND_TEXT_CURFILE_TIME id="103">Current File(run / remain)</E_ID_UPWND_TEXT_CURFILE_TIME>
        <E_ID_UPWND_TEXT_TOTALFILE_TIME id="104">Total FIle(run / remain)</E_ID_UPWND_TEXT_TOTALFILE_TIME>
        <E_ID_UPWND_TEXT_BTN_CANCEL id="105">CANCEL</E_ID_UPWND_TEXT_BTN_CANCEL>
        <E_ID_UPWND_TEXT_FONT_NAME id="106">맑은 고딕</E_ID_UPWND_TEXT_FONT_NAME>
        <E_ID_UPWND_TEXT_TITLE id="107">UPLOAD</E_ID_UPWND_TEXT_TITLE>
        <E_ID_UPWND_TEXT_DELAY_TEXT id="108">Server Processing...</E_ID_UPWND_TEXT_DELAY_TEXT>
    </UploadWindow>
    <DownloadWindow>
        <E_ID_DOWNWND_TEXT_CURFILE id="100">Current File</E_ID_DOWNWND_TEXT_CURFILE>
        <E_ID_DOWNWND_TEXT_TOTALFILE id="101">Total File</E_ID_DOWNWND_TEXT_TOTALFILE>
        <E_ID_DOWNWND_TEXT_SPEED id="102">SPEED</E_ID_DOWNWND_TEXT_SPEED>
        <E_ID_DOWNWND_TEXT_CURFILE_TIME id="103">Current File(run / remain)</E_ID_DOWNWND_TEXT_CURFILE_TIME>
        <E_ID_DOWNWND_TEXT_TOTALFILE_TIME id="104">Total FIle(run / remain)</E_ID_DOWNWND_TEXT_TOTALFILE_TIME>
        <E_ID_DOWNWND_TEXT_BTN_CANCEL id="105">CANCEL</E_ID_DOWNWND_TEXT_BTN_CANCEL>
        <E_ID_DOWNWND_TEXT_FONT_NAME id="106">맑은 고딕</E_ID_DOWNWND_TEXT_FONT_NAME>
        <E_ID_DOWNWND_TEXT_TITLE id="107">DOWNLOAD</E_ID_DOWNWND_TEXT_TITLE>
    </DownloadWindow>
    <PasswordWindow>
        <E_ID_PWD_TEXT_FONT_NAME id="100">맑은 고딕</E_ID_PWD_TEXT_FONT_NAME>
        <E_ID_PWD_TEXT_TITLE id="101">Password</E_ID_PWD_TEXT_TITLE>
        <E_ID_PWD_TEXT_INPUT id="102">Password :</E_ID_PWD_TEXT_INPUT>
    </PasswordWindow>
    <OverwriteWindow>
        <E_ID_OVWRT_TEXT_FONT_NAME id="100">맑은 고딕</E_ID_OVWRT_TEXT_FONT_NAME>
        <E_ID_OVWRT_TEXT_TITLE id="101">중복파일 처리옵션</E_ID_OVWRT_TEXT_TITLE>
        <E_ID_OVWRT_TEXT_RADIO_OVERWRITE id="102">덮어쓰기</E_ID_OVWRT_TEXT_RADIO_OVERWRITE>
        <E_ID_OVWRT_TEXT_RADIO_RENAME id="103">새 이름으로 저장</E_ID_OVWRT_TEXT_RADIO_RENAME>
        <E_ID_OVWRT_TEXT_RADIO_SKIP id="104">건너뛰기</E_ID_OVWRT_TEXT_RADIO_SKIP>
        <E_ID_OVWRT_TEXT_CHECKBOX_CONTINUE id="105">더이상 묻지 않기</E_ID_OVWRT_TEXT_CHECKBOX_CONTINUE>
    </OverwriteWindow>
    <CompressWindow>
        <E_ID_COMP_TEXT_FONT_NAME id="100">맑은 고딕</E_ID_COMP_TEXT_FONT_NAME>
        <E_ID_COMP_TEXT_TITLE id="101">압축</E_ID_COMP_TEXT_TITLE>
        <E_ID_COMP_TEXT_COMPLETE_TOTAL id="102">(Complete / Total)</E_ID_COMP_TEXT_COMPLETE_TOTAL>
    </CompressWindow>
    <EnDecryptWindow>
        <E_ID_ENDECRYPT_TEXT_FONT_NAME id="100">맑은 고딕</E_ID_ENDECRYPT_TEXT_FONT_NAME>
        <E_ID_ENDECRYPT_TEXT_TITLE_ENCRYPT id="101">암호화</E_ID_ENDECRYPT_TEXT_TITLE_ENCRYPT>
        <E_ID_ENDECRYPT_TEXT_TITLE_DECRYPT id="102">복호화</E_ID_ENDECRYPT_TEXT_TITLE_DECRYPT>
    </EnDecryptWindow>
</root>

