﻿<?xml version="1.0" encoding="utf-8"?>
<root>
    <Error>
        <E_NOT_VALID_COLOR_PATTERN_NUMBER id="100">﻿The number of UI Color Pattern is not valid.</E_NOT_VALID_COLOR_PATTERN_NUMBER>
        <E_NOT_VALID_IMAGE_PATTERN_NUMBER id="101">The number of Status Image Pattern is not valid.</E_NOT_VALID_IMAGE_PATTERN_NUMBER>
        <E_UPLOADITEM_ADD_STOP id="110">Stop adding upload items.</E_UPLOADITEM_ADD_STOP>
        <E_INVALID_ITEM_UNIQID id="111">The ID of item is not valid.</E_INVALID_ITEM_UNIQID>
        <E_INVALID_ITEM_INDEX id="112">The index of item is not valid.</E_INVALID_ITEM_INDEX>
        <E_INVALID_ITEM_TYPE id="113">The type of item is not valid.</E_INVALID_ITEM_TYPE>
        <E_INVALID_METADATA_NAME id="114">Meta-data's name is not valid.</E_INVALID_METADATA_NAME>
        <E_INVALID_COLUMN_INDEX id="115">The index of column is not valid.</E_INVALID_COLUMN_INDEX>
        <E_ERR_META_NAME_EMPTY id="116">Meta-data's name is empty.</E_ERR_META_NAME_EMPTY>
        <E_ERR_META_NAME_FIRST_CAHRACTER id="117">The first letter of Meta-data's name must be an English alphabet character.</E_ERR_META_NAME_FIRST_CAHRACTER>
        <E_ERR_META_NAME_VALIABLE_CAHRACTERS id="118">The Meta-data is only named with English alphabets, numbers, '-' and '_'.</E_ERR_META_NAME_VALIABLE_CAHRACTERS>
        <E_ENABLE_ADD_ONLY_ONE_FILE id="120">Only one file can be added.</E_ENABLE_ADD_ONLY_ONE_FILE>
        <E_ITEM_DELETE_FAIL	id="121">Failed to delete items.</E_ITEM_DELETE_FAIL>
        <E_NOITEM_FOR_DELETE id="122">There is no items to delete.</E_NOITEM_FOR_DELETE>
        <E_NOVALID_TYPE_FOR_DELETE id="123">The delete type of item is not valid.</E_NOVALID_TYPE_FOR_DELETE>
        <E_DELETE_FAIL_ALL_ITEMS id ="124">Failed to delete all item.</E_DELETE_FAIL_ALL_ITEMS>
        <E_DELETE_FAIL_SELECTED_ITEMS id="125">Failed to delete selected item.</E_DELETE_FAIL_SELECTED_ITEMS>
        <E_DELETE_FAIL_CHECKED_ITEMS id="126">Failed to delete checked item.</E_DELETE_FAIL_CHECKED_ITEMS>
        <E_DELETED_VIRTUALFILE_LIST_EMPTY id="127">There is no deleted virtual file.</E_DELETED_VIRTUALFILE_LIST_EMPTY>
        <E_ITEM_NOT_SELECTED id="128">There is no selected item.</E_ITEM_NOT_SELECTED>
        <E_ITEM_NOT_SELECTED id="129">There is no checked item.</E_ITEM_NOT_SELECTED>
        <E_DUPLICATE_FILTERS id="130">Duplicate filter settings.</E_DUPLICATE_FILTERS>
        <E_ENABLE_ADD_ONLY_FILE_SIMPLESTYLE id="131">Only files can be added in the REPORT_SIMPLE UI list.</E_ENABLE_ADD_ONLY_FILE_SIMPLESTYLE>
        <E_NOT_EXECUTABLE_ITEM_TYPE id="132">It's not an executable type.</E_NOT_EXECUTABLE_ITEM_TYPE>
        <E_NOT_EXIST_LINKED_PROGRAM id="133">There is no program to execute the target.</E_NOT_EXIST_LINKED_PROGRAM>
        <E_NOT_EXIST_EXECUTABLE_PATH id="134">The execution target path is not set.</E_NOT_EXIST_EXECUTABLE_PATH>
        <E_SERVERFILE_EXECUTE_FAIL id="135">Failed to execute file. (HttpStatusCode: %d, FileURL: %s)</E_SERVERFILE_EXECUTE_FAIL>
        <E_LOCK_ITEM id="136">Unable to delete locked files.</E_LOCK_ITEM>
        <E_BLACKLIST_EXTENSION_FOR_EXECUTE id="137">The file has an extension name that is unallowable to be executed.</E_BLACKLIST_EXTENSION_FOR_EXECUTE>
        <E_FILETITLE_INCLUDE_INVALID_CHARACTER id="138">There is an unsupported character in the file name. (\ / : * ? &quot; &lt; &gt; |)</E_FILETITLE_INCLUDE_INVALID_CHARACTER>
        <E_NOT_SUPPORT_COMPRESS_START_TYPE id="170">Unsupported compression type.</E_NOT_SUPPORT_COMPRESS_START_TYPE>
        <E_NOT_SUPPORT_ENCRYPT_START_TYPE id="171">Unsupported encryption type.</E_NOT_SUPPORT_ENCRYPT_START_TYPE>
        <E_NOT_SUPPORT_DNCRYPT_START_TYPE id="172">Unsupported decryption type.</E_NOT_SUPPORT_DNCRYPT_START_TYPE>
        <E_INVALID_PROXY_INFO id="180">The authentication for proxy Is not correct.</E_INVALID_PROXY_INFO>
        <E_EMPTY_AUTH_KEY id="181">The AuthKey(Authentication Key) is not set.</E_EMPTY_AUTH_KEY>
        <E_ABNORMAL_AUTH_KEY_FORMAT id="182">The AuthKey(Authentication Key) is not correct.</E_ABNORMAL_AUTH_KEY_FORMAT>
        <E_EVALUATION_EXPIRED id="183">Evaluation period is expired.</E_EVALUATION_EXPIRED>
        <E_INVALID_AUTH_INFO id="184">The authentication information is not correct.</E_INVALID_AUTH_INFO>
        <E_NOT_REGISTERED_HOST_NAME id="185">The domain(ip) is not registered in the authentication information.</E_NOT_REGISTERED_HOST_NAME>
        <E_UPLOAD_URL_EMPTY id="190">The upload URL is not set.</E_UPLOAD_URL_EMPTY>
        <E_UPLOADITEM_EMPTY id="191">No file to upload.</E_UPLOADITEM_EMPTY>
        <E_ALL_ITEM_WORDK_END id="192">All items are in a uploaded state.</E_ALL_ITEM_WORDK_END>
        <E_DOWNLOADLOADITEM_EMPTY id="193">No file to Download.</E_DOWNLOADLOADITEM_EMPTY>
        <E_UPLOADING id="194">Uploading files.</E_UPLOADING>
        <E_DOWNLOADING id="195">Downloading files.</E_DOWNLOADING>
        <E_CREATRE_FILE_FAIL_DOWNLOAD id="196">Failed to create download file.</E_CREATRE_FILE_FAIL_DOWNLOAD>
        <E_INVALID_SAVE_PATH id="197">The download path is not correct.</E_INVALID_SAVE_PATH>
        <E_CREATE_SAVE_PATH_FAIL id="198">Failed to create download path.</E_CREATE_SAVE_PATH_FAIL>
        <E_NO_COMPRESS_TARGET id="210">There is no target to compress.</E_NO_COMPRESS_TARGET>
        <E_ERROR_COMPRESS_WORKING id="211">Compression error</E_ERROR_COMPRESS_WORKING>
        <E_NO_ENCRYPTION_TARGET id="212">There is no file to encrypt.</E_NO_ENCRYPTION_TARGET>
        <E_INVALID_PREVIEW_TYPE id="220">The item type is not valid for previewing as an image.</E_INVALID_PREVIEW_TYPE>
        <E_INVALID_PREVIEW_FILE id="221">The file type is not valid for previewing as an image.</E_INVALID_PREVIEW_FILE>
        <E_THUMBNAIL_DEFAULTPATH_CREATE_FAIL id="230">Failed to create thumnail default folder.</E_THUMBNAIL_DEFAULTPATH_CREATE_FAIL>
        <E_THUMBNAIL_NOTSUPPORT_TYPE id="231">The file extension(%s) is not supported for making thumnails.</E_THUMBNAIL_NOTSUPPORT_TYPE>
        <E_TUHMBNAIL_EXCEPTION id="232">An error occurred while during adding thnumnails automatically. (Message: %s, Code: %s)</E_TUHMBNAIL_EXCEPTION>
        <E_NOT_SUPPORT_CLIPBOARD_FORMAT id="240">Unsupported clipboard format.</E_NOT_SUPPORT_CLIPBOARD_FORMAT>
        <E_CLIPBOARD_FILE_SAVE_FAIL id="241">Failed to create clipboard file. (%d(0x%X))</E_CLIPBOARD_FILE_SAVE_FAIL>
        <E_INVALID_ARGUMENT_TYPE id="250">Not supported type of the parameter.</E_INVALID_ARGUMENT_TYPE>
    </Error>
    <ErrorDetail>

        <E_ID_ERROR_DETATIL_DUPLICATE_FILEFOLDER id="100">Files(or folders) duplicated.</E_ID_ERROR_DETATIL_DUPLICATE_FILEFOLDER>
        <E_ID_ERROR_DETATIL_DUPLICATE_VIRTUALFILE id="101">Virtual files duplicated.</E_ID_ERROR_DETATIL_DUPLICATE_VIRTUALFILE>
        <E_ID_ERROR_DETATIL_LIMITED_EXTENSION id="102">Limited extension</E_ID_ERROR_DETATIL_LIMITED_EXTENSION>
        <E_ID_ERROR_DETATIL_LIMITED_COUNT id="103">Exceeded the count limit</E_ID_ERROR_DETATIL_LIMITED_COUNT>
        <E_ID_ERROR_DETATIL_LIMITED_FILE_SIZE_MIN id="104">Less than minimum size limit</E_ID_ERROR_DETATIL_LIMITED_FILE_SIZE_MIN>
        <E_ID_ERROR_DETATIL_LIMITED_FILE_SIZE_MAX id="105">Exceeded the maximum size limit</E_ID_ERROR_DETATIL_LIMITED_FILE_SIZE_MAX>
        <E_ID_ERROR_DETATIL_LIMITED_TOTAL_SIZE id="106">Exceeded the total size limit</E_ID_ERROR_DETATIL_LIMITED_TOTAL_SIZE>

    </ErrorDetail>
    <MessageBox>

        <E_ID_MSGBOX_DEL_DUP_FILEFOLDER id="200">
            The duplicated files(or folders) have been removed.
            There are no files(or folders) to add.
        </E_ID_MSGBOX_DEL_DUP_FILEFOLDER>
        <E_ID_MSGBOX_DEL_DUP_FILEFOLDER_CONTINUE id="201">
            The duplicated files(or folders) have been removed.
            Do you want to add the rest of the files(or folders)?
        </E_ID_MSGBOX_DEL_DUP_FILEFOLDER_CONTINUE>
        <E_ID_MSGBOX_DEL_DUP_VIRTUALFILE id="202">
            The duplicated virtual files have been removed.
            There are no virtual files to add.
        </E_ID_MSGBOX_DEL_DUP_VIRTUALFILE>
        <E_ID_MSGBOX_DEL_DUP_VIRTUALFILE_CONTINUE id="203">
            The duplicated virtual files have been removed.
            Do you want to add the rest of the virtual files?
        </E_ID_MSGBOX_DEL_DUP_VIRTUALFILE_CONTINUE>
        <E_ID_MSGBOX_DEL_FILTER_EXTENSION id="204">
            Unauthorized extension files have been removed.
            There are no files to add.
        </E_ID_MSGBOX_DEL_FILTER_EXTENSION>
        <E_ID_MSGBOX_DEL_FILTER_EXTENSION_CONTINUE id="205">
            Unauthorized extension file have been removed.
            Do you want to add the rest of the files?
        </E_ID_MSGBOX_DEL_FILTER_EXTENSION_CONTINUE>
        <E_ID_MSGBOX_DEL_LIMIT_FILE_COUNT id="206">
            %d files have been removed due to count limit.
            There are no files to add.
        </E_ID_MSGBOX_DEL_LIMIT_FILE_COUNT>
        <E_ID_MSGBOX_DEL_LIMIT_FILE_COUNT_CONTINUE id="207">
            %d files have been removed due to count limit.
            Do you want to add the rest of the files?
        </E_ID_MSGBOX_DEL_LIMIT_FILE_COUNT_CONTINUE>

        <E_ID_MSGBOX_DEL_LIMIT_FILE_SIZE_MIN id="208">
            %d files have been removed due to minimum size limit.
            There are no files to add.
        </E_ID_MSGBOX_DEL_LIMIT_FILE_SIZE_MIN>
        <E_ID_MSGBOX_DEL_LIMIT_FILE_SIZE_MIN_CONTINUE id="209">
            %d files have been removed due to minimum size limit.
            Do you want to add the rest of the files?
        </E_ID_MSGBOX_DEL_LIMIT_FILE_SIZE_MIN_CONTINUE>

        <E_ID_MSGBOX_DEL_LIMIT_FILE_SIZE_MAX id="210">
            %d files have been removed due to exceeded maximum size limit.
            There are no files to add.
        </E_ID_MSGBOX_DEL_LIMIT_FILE_SIZE_MAX>
        <E_ID_MSGBOX_DEL_LIMIT_FILE_SIZE_MAX_CONTINUE id="211">
            %d files have been removed due to exceeded maximum size limit.
            Do you want to add the rest of the files?
        </E_ID_MSGBOX_DEL_LIMIT_FILE_SIZE_MAX_CONTINUE>

        <E_ID_MSGBOX_DEL_LIMIT_TOTAL_SIZE id="212">
            The files have been removed due to exceeded maximum size limit(%lld). (%lld over)
            There are no files to add.
        </E_ID_MSGBOX_DEL_LIMIT_TOTAL_SIZE>
        <E_ID_MSGBOX_DEL_LIMIT_TOTAL_SIZE_CONTINUE id="213">
            The files have been removed due to exceeded maximum size limit(%lld). (%lld over)
            Do you want to add the rest of the files?
        </E_ID_MSGBOX_DEL_LIMIT_TOTAL_SIZE_CONTINUE>


        <E_ID_MSGBOX_ENDECRYPT_PASSWORD_MAX_LENGTH id="220">Maximum password length is %d.</E_ID_MSGBOX_ENDECRYPT_PASSWORD_MAX_LENGTH>
        <E_ID_MSGBOX_ENCRYPT_INPUT_PASSWORD id="221">Please enter encryption password.</E_ID_MSGBOX_ENCRYPT_INPUT_PASSWORD>
        <E_ID_MSGBOX_ENCRYPT_CANCEL id="222">Encryption is canceled.</E_ID_MSGBOX_ENCRYPT_CANCEL>
        <E_ID_MSGBOX_ENCRYPT_ERROR id="223">Encryption is failed. (ErrorCode: %d, file: %s)</E_ID_MSGBOX_ENCRYPT_ERROR>
        <E_ID_MSGBOX_ENCRYPT_COMPLETE id="224">Encryption is completed.</E_ID_MSGBOX_ENCRYPT_COMPLETE>


        <E_ID_MSGBOX_DECRYPT_AFTER_DOWNLOAD id="230">Please do decryption after download.</E_ID_MSGBOX_DECRYPT_AFTER_DOWNLOAD>
        <E_ID_MSGBOX_DECRYPT_INPUT_PASSWORD id="231">Please enter your password.</E_ID_MSGBOX_DECRYPT_INPUT_PASSWORD>
        <E_ID_MSGBOX_DECRYPT_NOT_EXIST_ITEM id="232">There is no target to decryption.</E_ID_MSGBOX_DECRYPT_NOT_EXIST_ITEM>
        <E_ID_MSGBOX_DECRYPT_CANCEL id="233">Decryption is canceled.</E_ID_MSGBOX_DECRYPT_CANCEL>
        <E_ID_MSGBOX_DECRYPT_PASSWORD_MISMATCH id="234">Password mismatched (ErrorCode: %d, file: %s)</E_ID_MSGBOX_DECRYPT_PASSWORD_MISMATCH>
        <E_ID_MSGBOX_DECRYPT_ERROR id="235">Decryption is failed. (ErrorCode: %d, file: %s)</E_ID_MSGBOX_DECRYPT_ERROR>
        <E_ID_MSGBOX_DECRYPT_COMPLETE id="236">Decryption is completed.</E_ID_MSGBOX_DECRYPT_COMPLETE>


        <E_ID_MSGBOX_COMPRESS_CANCEL id="240">Do you want to cancel compression?</E_ID_MSGBOX_COMPRESS_CANCEL>


        <E_ID_MSGBOX_TITLE_NOTIFY id="250">Alert</E_ID_MSGBOX_TITLE_NOTIFY>
        <E_ID_MSGBOX_TITLE_CHECK id="251">Information</E_ID_MSGBOX_TITLE_CHECK>

    </MessageBox>
    <ListHeader>

        <E_ID_LIST_HEADER_TITLE id="100">Name</E_ID_LIST_HEADER_TITLE>
        <E_ID_LIST_HEADER_TITLE2 id="101">Path</E_ID_LIST_HEADER_TITLE2>
        <E_ID_LIST_HEADER_SIZE id="102">Size</E_ID_LIST_HEADER_SIZE>
        <E_ID_LIST_HEADER_STATUS id="103">Status</E_ID_LIST_HEADER_STATUS>

    </ListHeader>
    <UploadWindow>
        <E_ID_UPWND_TEXT_CURFILE id="100">Current File</E_ID_UPWND_TEXT_CURFILE>
        <E_ID_UPWND_TEXT_TOTALFILE id="101">Total File</E_ID_UPWND_TEXT_TOTALFILE>
        <E_ID_UPWND_TEXT_SPEED id="102">SPEED</E_ID_UPWND_TEXT_SPEED>
        <E_ID_UPWND_TEXT_CURFILE_TIME id="103">Current File(run / remain)</E_ID_UPWND_TEXT_CURFILE_TIME>
        <E_ID_UPWND_TEXT_TOTALFILE_TIME id="104">Total File(run / remain)</E_ID_UPWND_TEXT_TOTALFILE_TIME>
        <E_ID_UPWND_TEXT_BTN_CANCEL id="105">CANCEL</E_ID_UPWND_TEXT_BTN_CANCEL>
        <E_ID_UPWND_TEXT_FONT_NAME id="106">Arial</E_ID_UPWND_TEXT_FONT_NAME>
        <E_ID_UPWND_TEXT_TITLE id="107">UPLOAD</E_ID_UPWND_TEXT_TITLE>
        <E_ID_UPWND_TEXT_DELAY_TEXT id="108">Server Processing...</E_ID_UPWND_TEXT_DELAY_TEXT>
    </UploadWindow>
    <DownloadWindow>
        <E_ID_DOWNWND_TEXT_CURFILE id="100">Current File</E_ID_DOWNWND_TEXT_CURFILE>
        <E_ID_DOWNWND_TEXT_TOTALFILE id="101">Total File</E_ID_DOWNWND_TEXT_TOTALFILE>
        <E_ID_DOWNWND_TEXT_SPEED id="102">SPEED</E_ID_DOWNWND_TEXT_SPEED>
        <E_ID_DOWNWND_TEXT_CURFILE_TIME id="103">Current File(run / remain)</E_ID_DOWNWND_TEXT_CURFILE_TIME>
        <E_ID_DOWNWND_TEXT_TOTALFILE_TIME id="104">Total FIle(run / remain)</E_ID_DOWNWND_TEXT_TOTALFILE_TIME>
        <E_ID_DOWNWND_TEXT_BTN_CANCEL id="105">CANCEL</E_ID_DOWNWND_TEXT_BTN_CANCEL>
        <E_ID_DOWNWND_TEXT_FONT_NAME id="106">Arial</E_ID_DOWNWND_TEXT_FONT_NAME>
        <E_ID_DOWNWND_TEXT_TITLE id="107">DOWNLOAD</E_ID_DOWNWND_TEXT_TITLE>
    </DownloadWindow>
    <PasswordWindow>
        <E_ID_PWD_TEXT_FONT_NAME id="100">Arial</E_ID_PWD_TEXT_FONT_NAME>
        <E_ID_PWD_TEXT_TITLE id="101">Password</E_ID_PWD_TEXT_TITLE>
        <E_ID_PWD_TEXT_INPUT id="102">Password :</E_ID_PWD_TEXT_INPUT>
    </PasswordWindow>
    <OverwriteWindow>
        <E_ID_OVWRT_TEXT_FONT_NAME id="100">Arial</E_ID_OVWRT_TEXT_FONT_NAME>
        <E_ID_OVWRT_TEXT_TITLE id="101">Options for duplication</E_ID_OVWRT_TEXT_TITLE>
        <E_ID_OVWRT_TEXT_RADIO_OVERWRITE id="102">Overwrite</E_ID_OVWRT_TEXT_RADIO_OVERWRITE>
        <E_ID_OVWRT_TEXT_RADIO_RENAME id="103">SaveAs</E_ID_OVWRT_TEXT_RADIO_RENAME>
        <E_ID_OVWRT_TEXT_RADIO_SKIP id="104">Skip</E_ID_OVWRT_TEXT_RADIO_SKIP>
        <E_ID_OVWRT_TEXT_CHECKBOX_CONTINUE id="105">No more questions</E_ID_OVWRT_TEXT_CHECKBOX_CONTINUE>
    </OverwriteWindow>
    <CompressWindow>
        <E_ID_COMP_TEXT_FONT_NAME id="100">Arial</E_ID_COMP_TEXT_FONT_NAME>
        <E_ID_COMP_TEXT_TITLE id="101">Compression</E_ID_COMP_TEXT_TITLE>
        <E_ID_COMP_TEXT_COMPLETE_TOTAL id="102">(Complete / Total)</E_ID_COMP_TEXT_COMPLETE_TOTAL>
    </CompressWindow>
    <EnDecryptWindow>
        <E_ID_ENDECRYPT_TEXT_FONT_NAME id="100">Arial</E_ID_ENDECRYPT_TEXT_FONT_NAME>
        <E_ID_ENDECRYPT_TEXT_TITLE_ENCRYPT id="101">Encryption</E_ID_ENDECRYPT_TEXT_TITLE_ENCRYPT>
        <E_ID_ENDECRYPT_TEXT_TITLE_DECRYPT id="102">Decryption</E_ID_ENDECRYPT_TEXT_TITLE_DECRYPT>
    </EnDecryptWindow>
</root>