<?xml version="1.0" encoding="UTF-8"?>
<!DOCTYPE mapper PUBLIC "-//mybatis.org//DTD Mapper 3.0//EN" "http://mybatis.org/dtd/mybatis-3-mapper.dtd">
<mapper namespace="egovframework.aviation.metadata.service.impl.ImageMapper">

	<select id="getImage" resultType="egovframework.aviation.metadata.vo.image.ImageVO" parameterType="int">
		select 
			row_number() over(order by reg_date) as rownum,
			item_idx,
			image_idx,
			image_nm,
			orignl_nm,
			thumbnail_nm,
			image_path,
			image_width,
			image_height,
			rep_image,
			file_size,
			public_service,
			reg_user,
			DATE_FORMAT(A.reg_date, '%Y-%m-%d') AS reg_date, 
			mod_user,
			DATE_FORMAT(A.reg_date, '%Y-%m-%d') AS mod_date
		from 
			nam_image A
		where 
			item_idx = #{item_idx}
		order by rownum desc
	</select>
	
	<insert id="setImage" parameterType="egovframework.aviation.metadata.vo.image.ImageVO">
			insert into nam_image (
				item_idx,
				image_nm,
				orignl_nm,
				thumbnail_nm,
				image_path,
				image_width,
				image_height,
				rep_image,
				file_size,
				public_service,
				reg_user,
				reg_date
			) 
			values (
				#{item_idx},
				#{image_nm},
				#{orignl_nm},
				#{thumbnail_nm},
				#{image_path},
				#{image_width},
				#{image_height},
				#{rep_image},
				#{file_size},
				#{public_service},
				#{reg_user},
				now()
			)
	</insert>
	
	<update id="setPublicrep">
		update nam_image set
			${colunm} = #{val},
			mod_date = now()
			where image_idx = #{image_idx}
	</update>
	
	<delete id="deleteImage" parameterType="java.util.List">
		delete from nam_image
		where image_idx in (
			<foreach item="item" index="index" collection="values" separator=",">
				#{item}
			</foreach>
			)
	</delete>
</mapper>