<?xml version="1.0" encoding="UTF-8"?>
<!DOCTYPE mapper PUBLIC "-//mybatis.org//DTD Mapper 3.0//EN" "http://mybatis.org/dtd/mybatis-3-mapper.dtd">
<mapper namespace="egovframework.aviation.metadata.service.impl.MetaDataMapper">

	<!-- add.do 로드 시 select -->
	<select id="getCountry" resultMap="CountryResult">
			SELECT * FROM nam_country_code
	</select>
	
	<select id="getEra" resultMap="EraResult" parameterType="int">
			SELECT * FROM nam_era_code where country_code_idx = #{country}
	</select>
	
	<select id="getMaterial1" resultMap="Material1Result">
			SELECT * FROM nam_material1_code
	</select>
	
	<select id="getMaterial2" resultMap="Material2Result" parameterType="int">
			SELECT * FROM nam_material2_code where material1_code_idx = #{material}
	</select>
	
	<select id="getIcao" resultMap="IcaoResult">
			SELECT * FROM nam_icao_code
	</select>
	
	<select id="getExistence" resultMap="existenceResult">
			SELECT * FROM nam_existence_code
	</select>
	
	<select id="getMeasurement" resultMap="measurementResult">
			SELECT * FROM nam_measurement_code
	</select>
	
	<select id="getMeasurementUnit" resultMap="measurementUnitResult">
			SELECT * FROM nam_measurement_unit_code
	</select>
	
	<select id="getClass1" resultMap="class1Result">
			SELECT * FROM nam_class1_code
	</select>
	
	<select id="getClass2" resultMap="class2Result">
			SELECT * FROM nam_class2_code
	</select>
	
	<select id="getClass3" resultMap="class3Result">
			SELECT * FROM nam_class3_code
	</select>
	
	<select id="getObtainment" resultMap="obtainmentResult">
			SELECT * FROM nam_obtainment_code
	</select>
	
	<select id="getPurchase1" resultMap="purchase1Result">
			SELECT * FROM nam_purchase1_code
	</select>
	
	<select id="getPurchase2" resultMap="purchase2Result">
			SELECT * FROM nam_purchase2_code
	</select>
	
	<select id="getPriceUnit" resultMap="priceUnitResult">
			SELECT * FROM nam_price_unit_code
	</select>
	
	<select id="getQtyUnit" resultMap="qtyUnitResult">
			SELECT * FROM nam_qty_unit_code
	</select>
	
	<select id="getCondition" resultMap="conditionResult">
			SELECT * FROM nam_condition_code
	</select>
	
	<select id="getRanking" resultMap="rankingResult">
			SELECT * FROM nam_ranking_code
	</select>
	
	<select id="getPosSession" resultMap="posSessionResult">
			SELECT * FROM nam_possession_code
	</select>
	
	<select id="getGgnuri" resultMap="ggnuriResult">
			SELECT * FROM nam_ggnuri_code
	</select>
	
	<select id="getOrg" resultMap="OrgResult">
			SELECT * FROM nam_org_code
	</select>
	
	<select id="getStorageType1" resultType="egovframework.aviation.metadata.vo.StorageType1VO">
			SELECT * FROM nam_storage_type1_code
	</select>
	
	<select id="getStorageType2" resultType="egovframework.aviation.metadata.vo.StorageType2VO">
			SELECT * FROM nam_storage_type2_code where storage_type1_code_idx = #{type2}
	</select>
	
	<select id="getStorage" resultType="egovframework.aviation.metadata.vo.StorageVO">
			SELECT * FROM nam_storage_code where parent_code = #{i}
	</select>
	
	<select id="getMovement" resultType="egovframework.aviation.metadata.vo.MovementVO" parameterType="int">
			WITH RECURSIVE CTE AS(
				SELECT
					A.MOVEMENT_IDX,
					A.STORAGE_CODE_IDX,
					A.STORAGE_NM,
					A.PARENT_CODE,
					A.STORAGE_NM AS LOCATION,
					A.STORAGE_TYPE,
					1 AS lvl,
					A.SEQ,
					CONVERT(LPAD(CONVERT(A.SEQ, CHAR(4)), 4, '0'), CHAR(100)) AS SEQ_CHAR
				FROM(SELECT ns.MOVEMENT_IDX, ns.STORAGE_CODE_IDX, nsc.STORAGE_NM, nsc.PARENT_CODE, ns.STORAGE_TYPE, nsc.SEQ
					 FROM nam_storage AS ns JOIN nam_storage_code AS nsc ON ns.STORAGE_CODE_IDX = nsc.STORAGE_CODE_IDX) AS A
				WHERE A.PARENT_CODE = 0
				UNION ALL
				SELECT
					B.MOVEMENT_IDX,
					B.STORAGE_CODE_IDX,
					B.STORAGE_NM,
					B.PARENT_CODE,
					CONCAT(C.LOCATION, ',', B.STORAGE_NM) AS LOCATION,
					B.STORAGE_TYPE,
					C.lvl+1 AS lvl,
					B.SEQ,
					CONCAT(C.SEQ_CHAR, LPAD(CONVERT(B.SEQ, CHAR(4)), 4, '0')) AS SEQ_CHAR
				FROM CTE AS C JOIN
					(SELECT ns.MOVEMENT_IDX, ns.STORAGE_CODE_IDX, nsc.STORAGE_NM, nsc.PARENT_CODE, ns.STORAGE_TYPE, nsc.SEQ 
					 FROM nam_storage AS ns JOIN nam_storage_code AS nsc ON ns.STORAGE_CODE_IDX = nsc.STORAGE_CODE_IDX) AS B
				ON C.STORAGE_CODE_IDX = B.PARENT_CODE AND C.MOVEMENT_IDX = B.MOVEMENT_IDX AND C.STORAGE_TYPE = B.STORAGE_TYPE
			)
			SELECT row_number() over(order by movement_date) as rownum, MOVEMENT_IDX, GROUP_CONCAT(CASE STORAGE_TYPE WHEN 'IN' THEN STORAGE_NM END) AS STORAGE_IN, 
					GROUP_CONCAT(CASE STORAGE_TYPE WHEN 'OUT' THEN STORAGE_NM END) AS STORAGE_OUT,  
					GROUP_CONCAT(CASE STORAGE_TYPE WHEN 'IN' THEN STORAGE_CODE_IDX END) AS STORAGE_IN_CODE_IDX, 
					GROUP_CONCAT(CASE STORAGE_TYPE WHEN 'OUT' THEN STORAGE_CODE_IDX END) AS STORAGE_OUT_CODE_IDX,
					REQUESTER, ITEM_IDX, STORAGE_TYPE1_CODE_IDX, STORAGE_TYPE2_CODE_IDX, MOVEMENT_DATE, MOVEMENT_QTY, CURRENT_QTY, REQUESTER, REMARK, REG_USER, REG_DATE
			FROM
				(
				SELECT D.MOVEMENT_IDX, GROUP_CONCAT(D.STORAGE_NM ORDER BY D.MOVEMENT_IDX, D.STORAGE_TYPE, D.SEQ_CHAR) AS STORAGE_NM,
						GROUP_CONCAT(D.STORAGE_CODE_IDX ORDER BY D.MOVEMENT_IDX, D.STORAGE_TYPE, D.SEQ_CHAR) AS STORAGE_CODE_IDX, 
						D.STORAGE_TYPE, nm.MOVEMENT_IDX as nmMovement_idx, nm.ITEM_IDX, nm.STORAGE_TYPE1_CODE_IDX, nm.STORAGE_TYPE2_CODE_IDX, nm.MOVEMENT_DATE, nm.MOVEMENT_QTY, nm.CURRENT_QTY, nm.REQUESTER, nm.REMARK, nm.REG_USER, nm.REG_DATE 
				 FROM
					(SELECT
						MOVEMENT_IDX,
						STORAGE_CODE_IDX,
						STORAGE_NM,
						PARENT_CODE,
						LOCATION,
						STORAGE_TYPE,
						lvl,
						SEQ,
						SEQ_CHAR
					 FROM CTE) AS D
				 JOIN nam_movement as nm on nm.MOVEMENT_IDX = D.movement_idx
				 GROUP BY D.MOVEMENT_IDX, D.STORAGE_TYPE) AS E
				 WHERE item_idx = #{item_idx}
			GROUP BY MOVEMENT_IDX
			ORDER BY rownum desc;
	</select>
	
	<!-- <select id="getMovement" resultType="egovframework.aviation.metadata.vo.MovementInVO" parameterType="int">
			select 
				@num:=@num+1 AS num,
				nm.MOVEMENT_IDX nmMovement_idx,
				ns.MOVEMENT_IDX nsMovement_idx,
				ns.STORAGE_TYPE,
				GROUP_CONCAT(ns.STORAGE_CODE_IDX) storage_code_idx,
				GROUP_CONCAT(nsc.STORAGE_NM) storage_nm,
				GROUP_CONCAT(ns.STORAGE_IDX) storage_idx,
				DATE_FORMAT(nm.reg_date, '%Y-%m-%d') AS reg_date,
				DATE_FORMAT(nm.movement_date, '%Y-%m-%d') AS movement_date,
				nm.storage_type1_code_idx,
				nm.storage_type2_code_idx,
				nm.movement_qty,
				nm.current_qty,
				nm.requester,
				nm.remark,
				nm.reg_user
			from
				(SELECT @num:=0) AS n,
				nam_movement nm,
				nam_storage ns,
				nam_storage_code nsc
			where 
			<choose>
				<when test="movement_id == null || movement_id == ''"> ns.MOVEMENT_IDX = (SELECT MAX(movement_idx) FROM nam_movement) </when>
				<otherwise> ns.MOVEMENT_IDX = #{movement_id} </otherwise>
			</choose>
			and 
			<choose>
				<when test="movement_id == null || movement_id == ''"> nm.MOVEMENT_IDX = (SELECT MAX(movement_idx) FROM nam_movement) </when>
				<otherwise> nm.MOVEMENT_IDX = #{movement_id} </otherwise>
			</choose>
			and nsc.STORAGE_CODE_IDX = ns.STORAGE_CODE_IDX
			and ns.STORAGE_TYPE = 'IN';
	</select> -->
	
	<select id="getMovementOut" resultType="egovframework.aviation.metadata.vo.MovementInVO" parameterType="int">
			select 
				nm.MOVEMENT_IDX,
				ns.MOVEMENT_IDX,
				ns.STORAGE_TYPE,
				GROUP_CONCAT(ns.STORAGE_CODE_IDX) storage_code_idx,
				GROUP_CONCAT(nsc.STORAGE_NM) storage_nm,
				GROUP_CONCAT(ns.STORAGE_IDX) storage_idx,
				DATE_FORMAT(nm.reg_date, '%Y-%m-%d') AS reg_date,
				DATE_FORMAT(nm.movement_date, '%Y-%m-%d') AS movement_date,
				nm.storage_type1_code_idx,
				nm.storage_type2_code_idx,
				nm.movement_qty,
				nm.current_qty,
				nm.requester,
				nm.remark,
				nm.reg_user
			from
				nam_movement nm,
				nam_storage ns,
				nam_storage_code nsc
			where 
			<choose>
				<when test="movement_id == 0 || movement_id == ''"> ns.MOVEMENT_IDX = (SELECT MAX(movement_idx) FROM nam_movement) </when>
				<otherwise> ns.MOVEMENT_IDX = #{movement_id} </otherwise>
			</choose>
			and 
			<choose>
				<when test="movement_id == 0 || movement_id == ''"> nm.MOVEMENT_IDX = (SELECT MAX(movement_idx) FROM nam_movement) </when>
				<otherwise> nm.MOVEMENT_IDX = #{movement_id} </otherwise>
			</choose>
			and nsc.STORAGE_CODE_IDX = ns.STORAGE_CODE_IDX
			and ns.STORAGE_TYPE = 'OUT';
	</select>
	
	<insert id="setItemBase" parameterType="egovframework.aviation.metadata.vo.param.MetaDataParamVO">
			insert into nam_item_base (
				<include refid="metadata_columns1"><property name="alias" value=""/></include>
			)
			values (
				<include refid="metadata_columns2"><property name="alias" value=""/></include>
			);
			
			<selectKey resultType="int" keyProperty="item_idx" order="AFTER">
		        SELECT LAST_INSERT_ID()
		    </selectKey>
	</insert>
	
	<insert id="setTaxonomy" parameterType="java.util.HashMap">
			insert into nam_taxonomy (
				item_idx, reg_date, reg_user, class1_code_idx, class2_code_idx, class3_code_idx
			) 
			values
			<foreach separator="," index="key" item="value" collection="classMap">
			((SELECT MAX(ITEM_IDX) FROM nam_item_base as nm),
			now(),
				<foreach separator="," index="idx" item="item" collection="value">
					#{item} 
				</foreach>
			) 
			</foreach>	
	</insert>
	
	<insert id="setCountry" parameterType="java.util.HashMap">
		insert into nam_country_era (
				item_idx, reg_date, reg_user, country_code_idx, era_code_idx, detail_year
			) 
			values 
			<foreach separator="," index="key" item="value" collection="countryMap">
			((SELECT MAX(ITEM_IDX) FROM nam_item_base as nm),
			now(),
				<foreach separator="," index="idx" item="item" collection="value">
					#{item} 
				</foreach>
			) 
			</foreach>
	</insert>
	
	<insert id="setMaterial" parameterType="java.util.HashMap">
			insert into nam_material (
				item_idx, reg_date, reg_user, material1_code_idx, material2_code_idx, material_detail
			) 
			values 
			<foreach separator="," index="key" item="value" collection="materialMap">
			((SELECT MAX(ITEM_IDX) FROM nam_item_base as nm),
			now(),
				<foreach separator="," index="idx" item="item" collection="value">
					#{item} 
				</foreach>
			) 
			</foreach>
	</insert>
	
	<insert id="setMeasurement" parameterType="java.util.HashMap" >
		insert into nam_measurement (
			item_idx, reg_date, reg_user, measurement_code_idx, measurement_unit_code_idx, measurement_value, item_type
		) 
		values 
		<foreach separator="," index="key" item="value" collection="measureMap">
		(
			(SELECT MAX(ITEM_IDX) FROM nam_item_base as nm),
			now(),
			<foreach separator="," index="idx" item="item" collection="value">
				#{item} 
			</foreach>
		) 
		</foreach>
	</insert>
	
	<insert id="setObtainment" parameterType="egovframework.aviation.metadata.vo.param.MetaDataParamVO">
			insert into nam_obtainment (
				item_idx, obtainment_date, obtainment_code_idx, purchase1_code_idx, purchase2_code_idx, 
				obtainment_price, price_unit_code_idx, won_exchange, obtainment_no, obtainment_place,
				obtainment_addr, obtainment_detail, record_date, designation, redemption, country_code_idx,
				qty, qty_unit_code_idx, redemption_date
			) 
			values (
				(SELECT MAX(ITEM_IDX) FROM nam_item_base as nm), #{obt_obtainment_date}, #{obt_obtainment_code_idx}, #{obt_purchase1_code_idx}, #{obt_purchase2_code_idx}, 
				#{obt_obtainment_price}, #{obt_price_unit_code_idx}, #{obt_won_exchange}, #{obt_obtainment_no}, #{obt_obtainment_place},
				#{obt_obtainment_addr}, #{obt_obtainment_detail}, #{obt_record_date}, #{obt_designation}, #{obt_redemption}, #{obt_country_code_idx},
				#{obt_qty}, #{obt_qty_unit_code_idx}, #{obt_redemption_date}
			)
	</insert>
	
	<insert id="setInvolvement" parameterType="java.util.HashMap">
			insert into nam_involvement (
				item_idx, reg_date, reg_user, org_code_idx, possession_code_idx, item_no, remark
			) 
			values 
			<foreach separator="," index="key" item="value" collection="possessionMap">
			(
				(SELECT MAX(ITEM_IDX) FROM nam_item_base as nm),
				now(),
				<foreach separator="," index="idx" item="item" collection="value">
					#{item} 
				</foreach>
			) 
			</foreach>
	</insert>
	
	<insert id="setInsurance" parameterType="java.util.HashMap">
			insert into nam_insurance (
				item_idx, reg_date, reg_user, agreed_value, price_unit_code_idx, start_date, end_date, rental_org, remark
			) 
			values 
			<foreach separator="," index="key" item="value" collection="insuranceMap">
			(
				(SELECT MAX(ITEM_IDX) FROM nam_item_base as nm),
				now(),
				<foreach separator="," index="idx" item="item" collection="value">
					#{item} 
				</foreach>
			) 
			</foreach>
	</insert>
	
	<insert id="setCopyright" parameterType="java.util.HashMap">
			insert into nam_copyright (
				item_idx, reg_date, reg_user, copyright, owner, expiry_date, usage_permission, copyright_transfer, remark
			) 
			values 
			<foreach separator="," index="key" item="value" collection="copyrightMap">
			(
				(SELECT MAX(ITEM_IDX) FROM nam_item_base as nm),
				now(),
				<foreach separator="," index="idx" item="item" collection="value">
					#{item} 
				</foreach>
			) 
			</foreach>
	</insert>
	
	<insert id="setGgnuri" parameterType="egovframework.aviation.metadata.vo.param.MetaDataParamVO">
			insert into nam_public_service (
				item_idx, public_service, reason, ggnuri_code_idx
			) 
			values (
				(SELECT MAX(ITEM_IDX) FROM nam_item_base as nm), #{public_service}, #{reason}, #{ggnuri_code_idx}
			)
	</insert>
	
	<insert id="setKeyword" parameterType="egovframework.aviation.metadata.vo.param.MetaDataParamVO">
			insert into nam_keyword (
				item_idx, keyword, reg_user, reg_date
			) 
			values (
				(SELECT MAX(ITEM_IDX) FROM nam_item_base as nm), #{keyword}, #{reg_user}, now()
			)
	</insert>
	
	<insert id="setMovement" parameterType="egovframework.aviation.metadata.vo.param.MovementParamVO">
			insert into nam_movement (
				item_idx, storage_type1_code_idx, storage_type2_code_idx, movement_date, movement_qty, current_qty, requester, remark, reg_user, reg_date
			) 
			values (
				#{item_idx}, #{storage_type1_code_idx}, #{storage_type2_code_idx}, 
				#{movement_date}, #{movement_qty}, #{current_qty},
				#{requester}, #{remark}, #{reg_user}, now()
			)
			<selectKey resultType="int" keyProperty="movement_idx" order="AFTER">
		        SELECT LAST_INSERT_ID()
		    </selectKey>
	</insert>
	
	<update id="updateMovement" parameterType="egovframework.aviation.metadata.vo.param.MovementParamVO">
			update nam_movement set 
				storage_type1_code_idx = #{storage_type1_code_idx},
				storage_type2_code_idx = #{storage_type2_code_idx},
				movement_date = #{movement_date},
				movement_qty = #{movement_qty},
				current_qty = #{current_qty},
				requester = #{requester},
				remark = #{remark},
				reg_user = #{reg_user}
			where movement_idx = #{movement_idx}
	</update>
	
	<insert id="setStorage" parameterType="egovframework.aviation.metadata.vo.param.MovementParamVO">
			insert into nam_storage (
				movement_idx, storage_type, storage_code_idx
			) 
			values 
			<foreach separator=","  item="item" collection="storage1_code_idx">
			(
				#{movement_idx},
				'IN',
				#{item} 
			) 
			</foreach>
	</insert>
	
	<insert id="setStorage2" parameterType="egovframework.aviation.metadata.vo.param.MovementParamVO">
			insert into nam_storage (
				movement_idx, storage_type, storage_code_idx
			) 
			values 
			<foreach separator=","  item="item" collection="storage2_code_idx">
			(
				#{movement_idx},
				'OUT',
				#{item}
			) 
			</foreach>
	</insert>
	
	<delete id="deleteStorage" parameterType="int">
			delete from nam_storage where movement_idx = #{movement_idx}
	</delete>
	
	<delete id="deleteMovement" parameterType="int">
			delete from nam_movement where movement_idx = #{movement_idx}
	</delete>
	
	<sql id="metadata_columns1">
		org_code_idx, 
		possession_code_idx, 
		item_no, 
		item_detail_no, 
		item_nm, 
		item_se_nm, 
		item_eng_nm,
		author, 
		qty, 
		qty_unit_code_idx, 
		icao_code_idx, 
		existence_code_idx, 
		management_no, 
		preservation_need,
		feature, 
		condition_code_idx, 
		ranking_code_idx, 
		remark, 
		reg_state, 
		reg_user, 
		reg_date,
		mod_user, 
		mod_date
	</sql>
	
	<sql id="metadata_columns2">
	    #{org_code_idx}, 
	    #{possession_code_idx}, 
	    #{item_no}, 
	    #{item_detail_no},
		#{item_nm}, 
		#{item_se_nm}, 
		#{item_eng_nm},
		#{author}, 
		#{qty}, 
		#{qty_unit_code_idx}, 
		#{icao_code_idx}, 
		#{existence_code_idx}, 
		#{management_no}, 
		#{preservation_need},
		#{feature}, 
		#{condition_code_idx}, 
		#{ranking_code_idx}, 
		#{remark}, 
		#{reg_state}, 
		#{reg_user}, 
		now(),
		#{mod_user}, 
		#{mod_date}
	</sql>

	<resultMap id="CountryResult" type="egovframework.aviation.metadata.vo.CountryVO">
		<result property="country_code_idx" column="country_code_idx"/>
		<result property="country_nm" column="country_nm"/>
		<result property="seq" column="seq"/>
		<result property="enabled" column="enabled"/>
		<result property="reg_user" column="reg_user"/>
		<result property="reg_date" column="reg_date"/>
		<result property="mod_user" column="mod_user"/>
		<result property="mod_date" column="mod_date"/>
	</resultMap>
	
	<resultMap id="EraResult" type="egovframework.aviation.metadata.vo.EraVO">
		<result property="era_code_idx" column="era_code_idx"/>
		<result property="country_code_idx" column="country_code_idx"/>
		<result property="era_nm" column="era_nm"/>
		<result property="start_year" column="start_year"/>
		<result property="end_year" column="end_year"/>
		<result property="seq" column="seq"/>
		<result property="enabled" column="enabled"/>
		<result property="reg_user" column="reg_user"/>
		<result property="reg_date" column="reg_date"/>
		<result property="mod_user" column="mod_user"/>
		<result property="mod_date" column="mod_date"/>
	</resultMap>
	
	<resultMap id="Material1Result" type="egovframework.aviation.metadata.vo.Material1VO">
		<result property="material1_code_idx" column="material1_code_idx"/>
		<result property="material1_nm" column="material1_nm"/>
		<result property="seq" column="seq"/>
		<result property="enabled" column="enabled"/>
		<result property="reg_user" column="reg_user"/>
		<result property="reg_date" column="reg_date"/>
		<result property="mod_user" column="mod_user"/>
		<result property="mod_date" column="mod_date"/>
	</resultMap>
	
	<resultMap id="Material2Result" type="egovframework.aviation.metadata.vo.Material2VO">
		<result property="material1_code_idx" column="material1_code_idx"/>
		<result property="material2_code_idx" column="material2_code_idx"/>
		<result property="material2_nm" column="material2_nm"/>
		<result property="seq" column="seq"/>
		<result property="enabled" column="enabled"/>
		<result property="reg_user" column="reg_user"/>
		<result property="reg_date" column="reg_date"/>
		<result property="mod_user" column="mod_user"/>
		<result property="mod_date" column="mod_date"/>
	</resultMap>
	
	<resultMap id="IcaoResult" type="egovframework.aviation.metadata.vo.IcaoVO">
		<result property="icao_code_idx" column="icao_code_idx"/>
		<result property="icao_nm" column="icao_nm"/>
		<result property="seq" column="seq"/>
		<result property="enabled" column="enabled"/>
		<result property="reg_user" column="reg_user"/>
		<result property="reg_date" column="reg_date"/>
		<result property="mod_user" column="mod_user"/>
		<result property="mod_date" column="mod_date"/>
	</resultMap>
	
	<resultMap id="existenceResult" type="egovframework.aviation.metadata.vo.ExistenceVO">
		<result property="existence_code_idx" column="existence_code_idx"/>
		<result property="existence_nm" column="existence_nm"/>
		<result property="seq" column="seq"/>
		<result property="enabled" column="enabled"/>
		<result property="reg_user" column="reg_user"/>
		<result property="reg_date" column="reg_date"/>
		<result property="mod_user" column="mod_user"/>
		<result property="mod_date" column="mod_date"/>
	</resultMap>
	
	<resultMap id="measurementResult" type="egovframework.aviation.metadata.vo.MeasurementVO">
		<result property="measurement_code_idx" column="measurement_code_idx"/>
		<result property="measurement_nm" column="measurement_nm"/>
		<result property="seq" column="seq"/>
		<result property="enabled" column="enabled"/>
		<result property="reg_user" column="reg_user"/>
		<result property="reg_date" column="reg_date"/>
		<result property="mod_user" column="mod_user"/>
		<result property="mod_date" column="mod_date"/>
	</resultMap>
	
	<resultMap id="measurementUnitResult" type="egovframework.aviation.metadata.vo.MeasurementUnitVO">
		<result property="measurement_unit_code_idx" column="measurement_unit_code_idx"/>
		<result property="measurement_unit_nm" column="measurement_unit_nm"/>
		<result property="seq" column="seq"/>
		<result property="enabled" column="enabled"/>
		<result property="reg_user" column="reg_user"/>
		<result property="reg_date" column="reg_date"/>
		<result property="mod_user" column="mod_user"/>
		<result property="mod_date" column="mod_date"/>
	</resultMap>
	
	<resultMap id="class1Result" type="egovframework.aviation.metadata.vo.Class1VO">
		<result property="class1_code_idx" column="class1_code_idx"/>
		<result property="class1_nm" column="class1_nm"/>
		<result property="seq" column="seq"/>
		<result property="enabled" column="enabled"/>
		<result property="reg_user" column="reg_user"/>
		<result property="reg_date" column="reg_date"/>
		<result property="mod_user" column="mod_user"/>
		<result property="mod_date" column="mod_date"/>
	</resultMap>
	
	<resultMap id="class2Result" type="egovframework.aviation.metadata.vo.Class2VO">
		<result property="class2_code_idx" column="class2_code_idx"/>
		<result property="class2_nm" column="class2_nm"/>
		<result property="seq" column="seq"/>
		<result property="enabled" column="enabled"/>
		<result property="reg_user" column="reg_user"/>
		<result property="reg_date" column="reg_date"/>
		<result property="mod_user" column="mod_user"/>
		<result property="mod_date" column="mod_date"/>
	</resultMap>
	
	<resultMap id="class3Result" type="egovframework.aviation.metadata.vo.Class3VO">
		<result property="class3_code_idx" column="class3_code_idx"/>
		<result property="class3_nm" column="class3_nm"/>
		<result property="seq" column="seq"/>
		<result property="enabled" column="enabled"/>
		<result property="reg_user" column="reg_user"/>
		<result property="reg_date" column="reg_date"/>
		<result property="mod_user" column="mod_user"/>
		<result property="mod_date" column="mod_date"/>
	</resultMap>
	
	<resultMap id="obtainmentResult" type="egovframework.aviation.metadata.vo.ObtainmentVO">
		<result property="obtainment_code_idx" column="obtainment_code_idx"/>
		<result property="obtainment_nm" column="obtainment_nm"/>
		<result property="seq" column="seq"/>
		<result property="enabled" column="enabled"/>
		<result property="reg_user" column="reg_user"/>
		<result property="reg_date" column="reg_date"/>
		<result property="mod_user" column="mod_user"/>
		<result property="mod_date" column="mod_date"/>
	</resultMap>
	
	<resultMap id="purchase1Result" type="egovframework.aviation.metadata.vo.Purchase1VO">
		<result property="purchase1_code_idx" column="purchase1_code_idx"/>
		<result property="purchase1_nm" column="purchase1_nm"/>
		<result property="seq" column="seq"/>
		<result property="enabled" column="enabled"/>
		<result property="reg_user" column="reg_user"/>
		<result property="reg_date" column="reg_date"/>
		<result property="mod_user" column="mod_user"/>
		<result property="mod_date" column="mod_date"/>
	</resultMap>
	
	<resultMap id="purchase2Result" type="egovframework.aviation.metadata.vo.Purchase2VO">
		<result property="purchase2_code_idx" column="purchase2_code_idx"/>
		<result property="purchase2_nm" column="purchase2_nm"/>
		<result property="seq" column="seq"/>
		<result property="enabled" column="enabled"/>
		<result property="reg_user" column="reg_user"/>
		<result property="reg_date" column="reg_date"/>
		<result property="mod_user" column="mod_user"/>
		<result property="mod_date" column="mod_date"/>
	</resultMap>
	
	<resultMap id="priceUnitResult" type="egovframework.aviation.metadata.vo.PriceUnitVO">
		<result property="price_unit_code_idx" column="price_unit_code_idx"/>
		<result property="price_unit_nm" column="price_unit_nm"/>
		<result property="seq" column="seq"/>
		<result property="enabled" column="enabled"/>
		<result property="reg_user" column="reg_user"/>
		<result property="reg_date" column="reg_date"/>
		<result property="mod_user" column="mod_user"/>
		<result property="mod_date" column="mod_date"/>
	</resultMap>
	
	<resultMap id="qtyUnitResult" type="egovframework.aviation.metadata.vo.QtyUnitVO">
		<result property="qty_unit_code_idx" column="qty_unit_code_idx"/>
		<result property="qty_unit_nm" column="qty_unit_nm"/>
		<result property="seq" column="seq"/>
		<result property="enabled" column="enabled"/>
		<result property="reg_user" column="reg_user"/>
		<result property="reg_date" column="reg_date"/>
		<result property="mod_user" column="mod_user"/>
		<result property="mod_date" column="mod_date"/>
	</resultMap>
	
	<resultMap id="conditionResult" type="egovframework.aviation.metadata.vo.ConditionVO">
		<result property="condition_code_idx" column="condition_code_idx"/>
		<result property="condition_nm" column="condition_nm"/>
		<result property="seq" column="seq"/>
		<result property="enabled" column="enabled"/>
		<result property="reg_user" column="reg_user"/>
		<result property="reg_date" column="reg_date"/>
		<result property="mod_user" column="mod_user"/>
		<result property="mod_date" column="mod_date"/>
	</resultMap>
	
	<resultMap id="rankingResult" type="egovframework.aviation.metadata.vo.RankingVO">
		<result property="ranking_code_idx" column="ranking_code_idx"/>
		<result property="ranking_nm" column="ranking_nm"/>
		<result property="seq" column="seq"/>
		<result property="enabled" column="enabled"/>
		<result property="reg_user" column="reg_user"/>
		<result property="reg_date" column="reg_date"/>
		<result property="mod_user" column="mod_user"/>
		<result property="mod_date" column="mod_date"/>
	</resultMap>
	
	<resultMap id="posSessionResult" type="egovframework.aviation.metadata.vo.PosSessionVO">
		<result property="possession_code_idx" column="possession_code_idx"/>
		<result property="org_code_idx" column="org_code_idx"/>
		<result property="possession_nm" column="possession_nm"/>
		<result property="seq" column="seq"/>
		<result property="enabled" column="enabled"/>
		<result property="reg_user" column="reg_user"/>
		<result property="reg_date" column="reg_date"/>
		<result property="mod_user" column="mod_user"/>
		<result property="mod_date" column="mod_date"/>
	</resultMap>
	
	<resultMap id="ggnuriResult" type="egovframework.aviation.metadata.vo.GgnuriVO">
		<result property="ggnuri_code_idx" column="ggnuri_code_idx"/>
		<result property="ggnuri_nm" column="ggnuri_nm"/>
		<result property="seq" column="seq"/>
		<result property="enabled" column="enabled"/>
		<result property="reg_user" column="reg_user"/>
		<result property="reg_date" column="reg_date"/>
		<result property="mod_user" column="mod_user"/>
		<result property="mod_date" column="mod_date"/>
	</resultMap>
	
	<resultMap id="OrgResult" type="egovframework.aviation.metadata.vo.OrgVO">
		<result property="org_code_idx" column="org_code_idx"/>
		<result property="org_nm" column="org_nm"/>
		<result property="seq" column="seq"/>
		<result property="enabled" column="enabled"/>
		<result property="reg_user" column="reg_user"/>
		<result property="reg_date" column="reg_date"/>
		<result property="mod_user" column="mod_user"/>
		<result property="mod_date" column="mod_date"/>
	</resultMap>
	
	
	
	
</mapper>