<?xml version="1.0" encoding="UTF-8"?>
<!DOCTYPE mapper PUBLIC "-//mybatis.org//DTD Mapper 3.0//EN" "http://mybatis.org/dtd/mybatis-3-mapper.dtd">
<mapper namespace="egovframework.aviation.metadata.service.impl.PreservationMapper">

	<insert id="setPreservation" parameterType="egovframework.aviation.metadata.vo.param.PreservationParamVO">
			insert into nam_preservation (
				item_idx,
				treatment_org,
				processor,
				start_date,
				end_date,
				content,
				remark,
				file_nm,
				file_path,
				reg_user,
				reg_date
			)
			values (
				#{item_idx},
				#{treatment_org},
				#{processor},
				#{start_date},
				#{end_date},
				#{content},
				#{remark},
				#{file_nm},
				#{file_path},
				#{reg_user},
				now()
			)
			<selectKey resultType="int" keyProperty="preservation_idx" order="AFTER">
		        SELECT LAST_INSERT_ID()
		    </selectKey>
	</insert>
	
	<insert id="setPreservationImage" parameterType="java.util.HashMap">
			insert into nam_preservation_image (
				reg_date,
				preservation_idx,
				image_nm,
				image_path,
				image_state,
				reg_user
			)
			values 
				<foreach separator="," index="key" item="value" collection="map">
				(
					now(),
					<foreach separator="," index="idx" item="item" collection="value">
						#{item} 
					</foreach>
				) 
				</foreach>	
	</insert>
	
	<select id="getPreservationList" resultType="egovframework.aviation.metadata.vo.metadata.PreservationVO">
		select * from nam_preservation A where A.ITEM_IDX = #{item_idx}
	</select>
	
	<select id="getPreservationImageList" resultType="egovframework.aviation.metadata.vo.metadata.PreservationImageVO">
		select * from nam_preservation_image where preservation_idx = #{preservation_idx}
	</select>
	
</mapper>