<?xml version="1.0" encoding="UTF-8"?>
<!DOCTYPE mapper PUBLIC "-//mybatis.org//DTD Mapper 3.0//EN" "http://mybatis.org/dtd/mybatis-3-mapper.dtd">
<mapper namespace="egovframework.aviation.metadata.service.impl.SpecialityMapper">

	<select id="getSpeciality" resultType="egovframework.aviation.metadata.vo.speciality.SpecialityVO">
			select 
				row_number() over(order by ns.reg_date) as rownum,
				ns.speciality_idx, 
				ns.item_idx, 
				ns.speciality_code_idx, 
				ns.title, 
				ns.file_nm, 
				ns.file_path, 
				ns.copyright, 
				ns.content, 
				ns.reg_user, 
				DATE_FORMAT(ns.reg_date, '%Y-%m-%d') AS reg_date,
				ns.mod_user, 
				DATE_FORMAT(ns.mod_date, '%Y-%m-%d') AS mod_date,
				nsc.speciality_nm
			from 
				nam_speciality ns,
				nam_speciality_code nsc
			where ns.speciality_code_idx = nsc.speciality_code_idx
			order by rownum desc;
	</select>
	
	<select id="getSpecialityCode" resultType="egovframework.aviation.metadata.vo.speciality.SpecialityCodeVO">
			select * from nam_speciality_code
	</select>
	
	<insert id="setSpeciality" parameterType="egovframework.aviation.metadata.vo.param.SpecialityParamVO">
			insert into nam_speciality (
				item_idx, speciality_code_idx, title, file_nm, file_path, copyright, content, reg_user, reg_date, mod_user
			)
			values (
				#{item_idx}, #{speciality_code_idx},
				#{spc_title}, #{spc_file_nm}, #{spc_file_path}, #{spc_copyright}, #{spc_content}, #{reg_user}, now(), #{mod_user}
			)
	</insert>
	
	<insert id="updateSpeciality" parameterType="egovframework.aviation.metadata.vo.param.SpecialityParamVO">
			update nam_speciality set
						speciality_code_idx = #{speciality_code_idx},
						title = #{spc_title},
						file_nm = #{spc_file_nm},
						file_path = #{spc_file_path},
						copyright = #{spc_copyright},
						content = #{spc_content},
						mod_user = #{mod_user},
						mod_date = now()
			where speciality_idx = #{speciality_idx}
			and item_idx = #{item_idx}
	</insert>
	
	<delete id="deleteSpeciality" parameterType="egovframework.aviation.metadata.vo.param.SpecialityParamVO">
			delete from nam_speciality where speciality_idx = #{speciality_idx}
	</delete>
	
</mapper>